status,data
success,"{'expiry': '2026-05-26', 'pcr': 4559.875, 'strike_price': 20100.0, 'underlying_key': 'NSE_INDEX|Nifty 50', 'underlying_spot_price': 23659.0, 'call_options': {'instrument_key': 'NSE_FO|38406', 'market_data': {'ltp': 3562.25, 'volume': 0, 'oi': 520.0, 'close_price': 3562.25, 'bid_price': 3535.55, 'bid_qty': 780, 'ask_price': 3652.6, 'ask_qty': 1690, 'prev_oi': 520.0}, 'option_greeks': {'vega': 0.0, 'theta': 0.0, 'gamma': 0.0, 'delta': 1.0, 'iv': 0.0, 'pop': 99.0}}, 'put_options': {'instrument_key': 'NSE_FO|38407', 'market_data': {'ltp': 1.35, 'volume': 3547180, 'oi': 2371135.0, 'close_price': 1.4, 'bid_price': 1.3, 'bid_qty': 3705, 'ask_price': 1.35, 'ask_qty': 845, 'prev_oi': 1613235.0}, 'option_greeks': {'vega': 0.2813, 'theta': -1.1104, 'gamma': 0.0, 'delta': -0.003, 'iv': 47.36, 'pop': 0.36}}}"
success,"{'expiry': '2026-05-26', 'pcr': 559.0, 'strike_price': 20150.0, 'underlying_key': 'NSE_INDEX|Nifty 50', 'underlying_spot_price': 23659.0, 'call_options': {'instrument_key': 'NSE_FO|71663', 'market_data': {'ltp': 2854.1, 'volume': 0, 'oi': 65.0, 'close_price': 2854.1, 'bid_price': 3255.6, 'bid_qty': 780, 'ask_price': 3849.95, 'ask_qty': 1755, 'prev_oi': 65.0}, 'option_greeks': {'vega': 0.0, 'theta': 0.0, 'gamma': 0.0, 'delta': 1.0, 'iv': 0.0, 'pop': 99.0}}, 'put_options': {'instrument_key': 'NSE_FO|71664', 'market_data': {'ltp': 1.4, 'volume': 208975, 'oi': 36335.0, 'close_price': 1.6, 'bid_price': 1.3, 'bid_qty': 780, 'ask_price': 1.45, 'ask_qty': 585, 'prev_oi': 18200.0}, 'option_greeks': {'vega': 0.2707, 'theta': -1.0464, 'gamma': 0.0, 'delta': -0.0029, 'iv': 46.39, 'pop': 0.35}}}"
success,"{'expiry': '2026-05-26', 'pcr': 11532.0, 'strike_price': 20200.0, 'underlying_key': 'NSE_INDEX|Nifty 50', 'underlying_spot_price': 23659.0, 'call_options': {'instrument_key': 'NSE_FO|71665', 'market_data': {'ltp': 2489.35, 'volume': 0, 'oi': 65.0, 'close_price': 2489.35, 'bid_price': 3207.05, 'bid_qty': 780, 'ask_price': 3541.05, 'ask_qty': 780, 'prev_oi': 65.0}, 'option_greeks': {'vega': 0.0, 'theta': 0.0, 'gamma': 0.0, 'delta': 1.0, 'iv': 0.0, 'pop': 99.0}}, 'put_options': {'instrument_key': 'NSE_FO|71666', 'market_data': {'ltp': 1.35, 'volume': 1653080, 'oi': 749580.0, 'close_price': 1.4, 'bid_price': 1.35, 'bid_qty': 24310, 'ask_price': 1.45, 'ask_qty': 3380, 'prev_oi': 455195.0}, 'option_greeks': {'vega': 0.2914, 'theta': -1.1206, 'gamma': 0.0, 'delta': -0.0032, 'iv': 46.14, 'pop': 0.38}}}"
success,"{'expiry': '2026-05-26', 'pcr': 242.0, 'strike_price': 20250.0, 'underlying_key': 'NSE_INDEX|Nifty 50', 'underlying_spot_price': 23659.0, 'call_options': {'instrument_key': 'NSE_FO|71667', 'market_data': {'ltp': 2404.65, 'volume': 0, 'oi': 65.0, 'close_price': 2404.65, 'bid_price': 3391.35, 'bid_qty': 780, 'ask_price': 3496.45, 'ask_qty': 780, 'prev_oi': 65.0}, 'option_greeks': {'vega': 0.0, 'theta': 0.0, 'gamma': 0.0, 'delta': 1.0, 'iv': 0.0, 'pop': 99.0}}, 'put_options': {'instrument_key': 'NSE_FO|71700', 'market_data': {'ltp': 1.35, 'volume': 73515, 'oi': 15730.0, 'close_price': 1.6, 'bid_price': 1.1, 'bid_qty': 195, 'ask_price': 1.5, 'ask_qty': 390, 'prev_oi': 11635.0}, 'option_greeks': {'vega': 0.2909, 'theta': -1.1009, 'gamma': 0.0, 'delta': -0.0032, 'iv': 45.41, 'pop': 0.37}}}"
success,"{'expiry': '2026-05-26', 'pcr': 611.5, 'strike_price': 20300.0, 'underlying_key': 'NSE_INDEX|Nifty 50', 'underlying_spot_price': 23659.0, 'call_options': {'instrument_key': 'NSE_FO|71701', 'market_data': {'ltp': 3841.25, 'volume': 0, 'oi': 130.0, 'close_price': 3841.25, 'bid_price': 3348.75, 'bid_qty': 65, 'ask_price': 3444.8, 'ask_qty': 780, 'prev_oi': 130.0}, 'option_greeks': {'vega': 7.8, 'theta': -92.6056, 'gamma': 0.0001, 'delta': 0.8262, 'iv': 142.47, 'pop': 42.37}}, 'put_options': {'instrument_key': 'NSE_FO|71702', 'market_data': {'ltp': 1.45, 'volume': 677430, 'oi': 79495.0, 'close_price': 1.65, 'bid_price': 1.35, 'bid_qty': 1040, 'ask_price': 1.45, 'ask_qty': 910, 'prev_oi': 49465.0}, 'option_greeks': {'vega': 0.302, 'theta': -1.1307, 'gamma': 0.0, 'delta': -0.0033, 'iv': 44.92, 'pop': 0.39}}}"
success,"{'expiry': '2026-05-26', 'pcr': 240.0, 'strike_price': 20350.0, 'underlying_key': 'NSE_INDEX|Nifty 50', 'underlying_spot_price': 23659.0, 'call_options': {'instrument_key': 'NSE_FO|71703', 'market_data': {'ltp': 2328.65, 'volume': 0, 'oi': 65.0, 'close_price': 2328.65, 'bid_price': 3283.55, 'bid_qty': 780, 'ask_price': 3389.85, 'ask_qty': 780, 'prev_oi': 65.0}, 'option_greeks': {'vega': 0.0, 'theta': 0.0, 'gamma': 0.0, 'delta': 1.0, 'iv': 0.0, 'pop': 99.0}}, 'put_options': {'instrument_key': 'NSE_FO|71704', 'market_data': {'ltp': 1.3, 'volume': 97435, 'oi': 15600.0, 'close_price': 1.85, 'bid_price': 1.3, 'bid_qty': 2535, 'ask_price': 1.6, 'ask_qty': 260, 'prev_oi': 7670.0}, 'option_greeks': {'vega': 0.2902, 'theta': -1.0627, 'gamma': 0.0, 'delta': -0.0031, 'iv': 43.95, 'pop': 0.37}}}"
success,"{'expiry': '2026-05-26', 'pcr': 526.0, 'strike_price': 20400.0, 'underlying_key': 'NSE_INDEX|Nifty 50', 'underlying_spot_price': 23659.0, 'call_options': {'instrument_key': 'NSE_FO|71705', 'market_data': {'ltp': 2287.45, 'volume': 0, 'oi': 65.0, 'close_price': 2287.45, 'bid_price': 3222.8, 'bid_qty': 780, 'ask_price': 3346.6, 'ask_qty': 780, 'prev_oi': 65.0}, 'option_greeks': {'vega': 0.0, 'theta': 0.0, 'gamma': 0.0, 'delta': 1.0, 'iv': 0.0, 'pop': 99.0}}, 'put_options': {'instrument_key': 'NSE_FO|71710', 'market_data': {'ltp': 1.4, 'volume': 167180, 'oi': 34190.0, 'close_price': 1.65, 'bid_price': 1.35, 'bid_qty': 1755, 'ask_price': 1.65, 'ask_qty': 1820, 'prev_oi': 22880.0}, 'option_greeks': {'vega': 0.3132, 'theta': -1.1406, 'gamma': 0.0, 'delta': -0.0034, 'iv': 43.7, 'pop': 0.4}}}"
success,"{'expiry': '2026-05-26', 'pcr': 123.0, 'strike_price': 20450.0, 'underlying_key': 'NSE_INDEX|Nifty 50', 'underlying_spot_price': 23659.0, 'call_options': {'instrument_key': 'NSE_FO|71711', 'market_data': {'ltp': 2246.45, 'volume': 0, 'oi': 65.0, 'close_price': 2246.45, 'bid_price': 3092.7, 'bid_qty': 780, 'ask_price': 3308.5, 'ask_qty': 780, 'prev_oi': 65.0}, 'option_greeks': {'vega': 0.0, 'theta': 0.0, 'gamma': 0.0, 'delta': 1.0, 'iv': 0.0, 'pop': 99.0}}, 'put_options': {'instrument_key': 'NSE_FO|71714', 'market_data': {'ltp': 1.6, 'volume': 107315, 'oi': 7995.0, 'close_price': 1.7, 'bid_price': 1.3, 'bid_qty': 455, 'ask_price': 1.75, 'ask_qty': 455, 'prev_oi': 6435.0}, 'option_greeks': {'vega': 0.3529, 'theta': -1.285, 'gamma': 0.0, 'delta': -0.0039, 'iv': 43.7, 'pop': 0.46}}}"
success,"{'expiry': '2026-05-26', 'pcr': 119.5191, 'strike_price': 20500.0, 'underlying_key': 'NSE_INDEX|Nifty 50', 'underlying_spot_price': 23659.0, 'call_options': {'instrument_key': 'NSE_FO|71715', 'market_data': {'ltp': 3175.0, 'volume': 1105, 'oi': 15275.0, 'close_price': 3105.0, 'bid_price': 3181.95, 'bid_qty': 65, 'ask_price': 3237.75, 'ask_qty': 65, 'prev_oi': 15535.0}, 'option_greeks': {'vega': 0.0, 'theta': 0.0, 'gamma': 0.0, 'delta': 1.0, 'iv': 0.0, 'pop': 99.0}}, 'put_options': {'instrument_key': 'NSE_FO|71716', 'market_data': {'ltp': 1.6, 'volume': 2281110, 'oi': 1825655.0, 'close_price': 1.8, 'bid_price': 1.6, 'bid_qty': 910, 'ask_price': 1.65, 'ask_qty': 3120, 'prev_oi': 1661205.0}, 'option_greeks': {'vega': 0.3528, 'theta': -1.2632, 'gamma': 0.0, 'delta': -0.0039, 'iv': 42.97, 'pop': 0.46}}}"
success,"{'expiry': '2026-05-26', 'pcr': 195.0, 'strike_price': 20550.0, 'underlying_key': 'NSE_INDEX|Nifty 50', 'underlying_spot_price': 23659.0, 'call_options': {'instrument_key': 'NSE_FO|71717', 'market_data': {'ltp': 2617.9, 'volume': 0, 'oi': 65.0, 'close_price': 2617.9, 'bid_price': 3062.55, 'bid_qty': 780, 'ask_price': 3204.65, 'ask_qty': 780, 'prev_oi': 65.0}, 'option_greeks': {'vega': 0.0, 'theta': 0.0, 'gamma': 0.0, 'delta': 1.0, 'iv': 0.0, 'pop': 99.0}}, 'put_options': {'instrument_key': 'NSE_FO|71718', 'market_data': {'ltp': 1.75, 'volume': 113425, 'oi': 12675.0, 'close_price': 2.0, 'bid_price': 1.65, 'bid_qty': 65, 'ask_price': 1.85, 'ask_qty': 3510, 'prev_oi': 5135.0}, 'option_greeks': {'vega': 0.3815, 'theta': -1.3583, 'gamma': 0.0, 'delta': -0.0043, 'iv': 42.72, 'pop': 0.5}}}"
success,"{'expiry': '2026-05-26', 'pcr': 659.0, 'strike_price': 20600.0, 'underlying_key': 'NSE_INDEX|Nifty 50', 'underlying_spot_price': 23659.0, 'call_options': {'instrument_key': 'NSE_FO|71719', 'market_data': {'ltp': 2575.8, 'volume': 0, 'oi': 65.0, 'close_price': 2575.8, 'bid_price': 2827.9, 'bid_qty': 780, 'ask_price': 3153.95, 'ask_qty': 780, 'prev_oi': 65.0}, 'option_greeks': {'vega': 0.0, 'theta': 0.0, 'gamma': 0.0, 'delta': 1.0, 'iv': 0.0, 'pop': 99.0}}, 'put_options': {'instrument_key': 'NSE_FO|71720', 'market_data': {'ltp': 1.7, 'volume': 154570, 'oi': 42835.0, 'close_price': 1.85, 'bid_price': 1.3, 'bid_qty': 1300, 'ask_price': 1.7, 'ask_qty': 1235, 'prev_oi': 25870.0}, 'option_greeks': {'vega': 0.3809, 'theta': -1.333, 'gamma': 0.0, 'delta': -0.0043, 'iv': 41.99, 'pop': 0.5}}}"
success,"{'expiry': '2026-05-26', 'pcr': 537.0, 'strike_price': 20650.0, 'underlying_key': 'NSE_INDEX|Nifty 50', 'underlying_spot_price': 23659.0, 'call_options': {'instrument_key': 'NSE_FO|71721', 'market_data': {'ltp': 2799.3, 'volume': 0, 'oi': 65.0, 'close_price': 2799.3, 'bid_price': 2961.65, 'bid_qty': 780, 'ask_price': 3102.25, 'ask_qty': 780, 'prev_oi': 130.0}, 'option_greeks': {'vega': 0.0, 'theta': 0.0, 'gamma': 0.0, 'delta': 1.0, 'iv': 0.0, 'pop': 99.0}}, 'put_options': {'instrument_key': 'NSE_FO|71722', 'market_data': {'ltp': 1.55, 'volume': 246415, 'oi': 34905.0, 'close_price': 1.85, 'bid_price': 1.6, 'bid_qty': 390, 'ask_price': 1.95, 'ask_qty': 1430, 'prev_oi': 14430.0}, 'option_greeks': {'vega': 0.3659, 'theta': -1.2506, 'gamma': 0.0, 'delta': -0.0041, 'iv': 41.02, 'pop': 0.47}}}"
success,"{'expiry': '2026-05-26', 'pcr': 953.5, 'strike_price': 20700.0, 'underlying_key': 'NSE_INDEX|Nifty 50', 'underlying_spot_price': 23659.0, 'call_options': {'instrument_key': 'NSE_FO|71723', 'market_data': {'ltp': 2504.8, 'volume': 0, 'oi': 130.0, 'close_price': 2504.8, 'bid_price': 2755.3, 'bid_qty': 780, 'ask_price': 3045.95, 'ask_qty': 780, 'prev_oi': 130.0}, 'option_greeks': {'vega': 0.0, 'theta': 0.0, 'gamma': 0.0, 'delta': 1.0, 'iv': 0.0, 'pop': 99.0}}, 'put_options': {'instrument_key': 'NSE_FO|71724', 'market_data': {'ltp': 1.75, 'volume': 872560, 'oi': 123955.0, 'close_price': 1.9, 'bid_price': 1.8, 'bid_qty': 845, 'ask_price': 1.85, 'ask_qty': 1755, 'prev_oi': 100490.0}, 'option_greeks': {'vega': 0.3975, 'theta': -1.3506, 'gamma': 0.0, 'delta': -0.0045, 'iv': 40.77, 'pop': 0.52}}}"
success,"{'expiry': '2026-05-26', 'pcr': 312.0, 'strike_price': 20750.0, 'underlying_key': 'NSE_INDEX|Nifty 50', 'underlying_spot_price': 23659.0, 'call_options': {'instrument_key': 'NSE_FO|71725', 'market_data': {'ltp': 2714.0, 'volume': 0, 'oi': 65.0, 'close_price': 2714.0, 'bid_price': 2696.75, 'bid_qty': 780, 'ask_price': 3004.45, 'ask_qty': 780, 'prev_oi': 65.0}, 'option_greeks': {'vega': 0.0, 'theta': 0.0, 'gamma': 0.0, 'delta': 1.0, 'iv': 0.0, 'pop': 99.0}}, 'put_options': {'instrument_key': 'NSE_FO|71726', 'market_data': {'ltp': 1.7, 'volume': 64480, 'oi': 20280.0, 'close_price': 2.05, 'bid_price': 1.85, 'bid_qty': 65, 'ask_price': 2.0, 'ask_qty': 910, 'prev_oi': 11895.0}, 'option_greeks': {'vega': 0.4141, 'theta': -1.39, 'gamma': 0.0, 'delta': -0.0047, 'iv': 40.28, 'pop': 0.54}}}"
success,"{'expiry': '2026-05-26', 'pcr': 2258.0, 'strike_price': 20800.0, 'underlying_key': 'NSE_INDEX|Nifty 50', 'underlying_spot_price': 23659.0, 'call_options': {'instrument_key': 'NSE_FO|71727', 'market_data': {'ltp': 2880.0, 'volume': 0, 'oi': 65.0, 'close_price': 2880.0, 'bid_price': 2756.5, 'bid_qty': 130, 'ask_price': 2952.15, 'ask_qty': 390, 'prev_oi': 0.0}, 'option_greeks': {'vega': 0.0, 'theta': 0.0, 'gamma': 0.0, 'delta': 1.0, 'iv': 0.0, 'pop': 99.0}}, 'put_options': {'instrument_key': 'NSE_FO|71728', 'market_data': {'ltp': 1.85, 'volume': 713505, 'oi': 146770.0, 'close_price': 2.05, 'bid_price': 1.8, 'bid_qty': 390, 'ask_price': 1.9, 'ask_qty': 3835, 'prev_oi': 98085.0}, 'option_greeks': {'vega': 0.4144, 'theta': -1.3658, 'gamma': 0.0, 'delta': -0.0047, 'iv': 39.55, 'pop': 0.54}}}"
success,"{'expiry': '2026-05-26', 'pcr': 270.0, 'strike_price': 20850.0, 'underlying_key': 'NSE_INDEX|Nifty 50', 'underlying_spot_price': 23659.0, 'call_options': {'instrument_key': 'NSE_FO|71729', 'market_data': {'ltp': 2629.3, 'volume': 0, 'oi': 130.0, 'close_price': 2629.3, 'bid_price': 2646.7, 'bid_qty': 780, 'ask_price': 2885.85, 'ask_qty': 780, 'prev_oi': 195.0}, 'option_greeks': {'vega': 0.0, 'theta': 0.0, 'gamma': 0.0, 'delta': 1.0, 'iv': 0.0, 'pop': 99.0}}, 'put_options': {'instrument_key': 'NSE_FO|71730', 'market_data': {'ltp': 2.05, 'volume': 130000, 'oi': 35100.0, 'close_price': 2.05, 'bid_price': 1.85, 'bid_qty': 65, 'ask_price': 2.05, 'ask_qty': 455, 'prev_oi': 10725.0}, 'option_greeks': {'vega': 0.4681, 'theta': -1.5429, 'gamma': 0.0, 'delta': -0.0054, 'iv': 39.55, 'pop': 0.62}}}"
success,"{'expiry': '2026-05-26', 'pcr': 777.5, 'strike_price': 20900.0, 'underlying_key': 'NSE_INDEX|Nifty 50', 'underlying_spot_price': 23659.0, 'call_options': {'instrument_key': 'NSE_FO|71731', 'market_data': {'ltp': 2587.2, 'volume': 0, 'oi': 130.0, 'close_price': 2587.2, 'bid_price': 2600.35, 'bid_qty': 780, 'ask_price': 2845.4, 'ask_qty': 780, 'prev_oi': 195.0}, 'option_greeks': {'vega': 0.0, 'theta': 0.0, 'gamma': 0.0, 'delta': 1.0, 'iv': 0.0, 'pop': 99.0}}, 'put_options': {'instrument_key': 'NSE_FO|71732', 'market_data': {'ltp': 2.05, 'volume': 641030, 'oi': 101075.0, 'close_price': 2.15, 'bid_price': 2.0, 'bid_qty': 195, 'ask_price': 2.05, 'ask_qty': 1495, 'prev_oi': 65130.0}, 'option_greeks': {'vega': 0.4599, 'theta': -1.483, 'gamma': 0.0, 'delta': -0.0053, 'iv': 38.7, 'pop': 0.6}}}"
success,"{'expiry': '2026-05-26', 'pcr': 646.0, 'strike_price': 20950.0, 'underlying_key': 'NSE_INDEX|Nifty 50', 'underlying_spot_price': 23659.0, 'call_options': {'instrument_key': 'NSE_FO|71733', 'market_data': {'ltp': 2545.8, 'volume': 0, 'oi': 65.0, 'close_price': 2545.8, 'bid_price': 2491.75, 'bid_qty': 780, 'ask_price': 2896.8, 'ask_qty': 780, 'prev_oi': 130.0}, 'option_greeks': {'vega': 0.0, 'theta': 0.0, 'gamma': 0.0, 'delta': 1.0, 'iv': 0.0, 'pop': 99.0}}, 'put_options': {'instrument_key': 'NSE_FO|71734', 'market_data': {'ltp': 2.05, 'volume': 184860, 'oi': 41990.0, 'close_price': 2.2, 'bid_price': 1.7, 'bid_qty': 130, 'ask_price': 2.35, 'ask_qty': 650, 'prev_oi': 22425.0}, 'option_greeks': {'vega': 0.4692, 'theta': -1.4892, 'gamma': 0.0, 'delta': -0.0054, 'iv': 38.09, 'pop': 0.62}}}"
success,"{'expiry': '2026-05-26', 'pcr': 22.6214, 'strike_price': 21000.0, 'underlying_key': 'NSE_INDEX|Nifty 50', 'underlying_spot_price': 23659.0, 'call_options': {'instrument_key': 'NSE_FO|71735', 'market_data': {'ltp': 2691.3, 'volume': 32890, 'oi': 239850.0, 'close_price': 2616.45, 'bid_price': 2691.35, 'bid_qty': 130, 'ask_price': 2699.3, 'ask_qty': 65, 'prev_oi': 254345.0}, 'option_greeks': {'vega': 0.0, 'theta': 0.0, 'gamma': 0.0, 'delta': 1.0, 'iv': 0.0, 'pop': 99.0}}, 'put_options': {'instrument_key': 'NSE_FO|71736', 'market_data': {'ltp': 2.15, 'volume': 8087755, 'oi': 5425745.0, 'close_price': 2.35, 'bid_price': 2.15, 'bid_qty': 5200, 'ask_price': 2.3, 'ask_qty': 3510, 'prev_oi': 4353180.0}, 'option_greeks': {'vega': 0.5, 'theta': -1.5715, 'gamma': 0.0, 'delta': -0.0058, 'iv': 37.72, 'pop': 0.66}}}"
success,"{'expiry': '2026-05-26', 'pcr': 294.5, 'strike_price': 21050.0, 'underlying_key': 'NSE_INDEX|Nifty 50', 'underlying_spot_price': 23659.0, 'call_options': {'instrument_key': 'NSE_FO|71737', 'market_data': {'ltp': 2461.8, 'volume': 0, 'oi': 130.0, 'close_price': 2461.8, 'bid_price': 2456.15, 'bid_qty': 780, 'ask_price': 2704.35, 'ask_qty': 780, 'prev_oi': 195.0}, 'option_greeks': {'vega': 0.0, 'theta': 0.0, 'gamma': 0.0, 'delta': 1.0, 'iv': 0.0, 'pop': 99.0}}, 'put_options': {'instrument_key': 'NSE_FO|71738', 'market_data': {'ltp': 2.3, 'volume': 181545, 'oi': 38285.0, 'close_price': 2.3, 'bid_price': 1.95, 'bid_qty': 260, 'ask_price': 2.25, 'ask_qty': 845, 'prev_oi': 36920.0}, 'option_greeks': {'vega': 0.534, 'theta': -1.6623, 'gamma': 0.0, 'delta': -0.0062, 'iv': 37.35, 'pop': 0.71}}}"
success,"{'expiry': '2026-05-26', 'pcr': 2096.0, 'strike_price': 21100.0, 'underlying_key': 'NSE_INDEX|Nifty 50', 'underlying_spot_price': 23659.0, 'call_options': {'instrument_key': 'NSE_FO|71739', 'market_data': {'ltp': 2049.6, 'volume': 0, 'oi': 195.0, 'close_price': 2049.6, 'bid_price': 2399.35, 'bid_qty': 780, 'ask_price': 2628.05, 'ask_qty': 780, 'prev_oi': 260.0}, 'option_greeks': {'vega': 0.0, 'theta': 0.0, 'gamma': 0.0, 'delta': 1.0, 'iv': 0.0, 'pop': 99.0}}, 'put_options': {'instrument_key': 'NSE_FO|71740', 'market_data': {'ltp': 2.25, 'volume': 1736735, 'oi': 408720.0, 'close_price': 2.45, 'bid_price': 2.2, 'bid_qty': 3510, 'ask_price': 2.35, 'ask_qty': 1820, 'prev_oi': 275860.0}, 'option_greeks': {'vega': 0.5132, 'theta': -1.5558, 'gamma': 0.0, 'delta': -0.006, 'iv': 36.38, 'pop': 0.67}}}"
success,"{'expiry': '2026-05-26', 'pcr': 146.3333, 'strike_price': 21150.0, 'underlying_key': 'NSE_INDEX|Nifty 50', 'underlying_spot_price': 23659.0, 'call_options': {'instrument_key': 'NSE_FO|71741', 'market_data': {'ltp': 2008.1, 'volume': 0, 'oi': 195.0, 'close_price': 2008.1, 'bid_price': 2414.4, 'bid_qty': 780, 'ask_price': 2592.65, 'ask_qty': 390, 'prev_oi': 260.0}, 'option_greeks': {'vega': 0.0, 'theta': 0.0, 'gamma': 0.0, 'delta': 1.0, 'iv': 0.0, 'pop': 99.0}}, 'put_options': {'instrument_key': 'NSE_FO|71742', 'market_data': {'ltp': 2.05, 'volume': 154050, 'oi': 28535.0, 'close_price': 2.35, 'bid_price': 2.0, 'bid_qty': 1300, 'ask_price': 2.5, 'ask_qty': 1170, 'prev_oi': 19825.0}, 'option_greeks': {'vega': 0.5037, 'theta': -1.4911, 'gamma': 0.0, 'delta': -0.0058, 'iv': 35.52, 'pop': 0.66}}}"
success,"{'expiry': '2026-05-26', 'pcr': 2139.3333, 'strike_price': 21200.0, 'underlying_key': 'NSE_INDEX|Nifty 50', 'underlying_spot_price': 23659.0, 'call_options': {'instrument_key': 'NSE_FO|71745', 'market_data': {'ltp': 2014.65, 'volume': 0, 'oi': 195.0, 'close_price': 2014.65, 'bid_price': 2414.8, 'bid_qty': 780, 'ask_price': 2554.55, 'ask_qty': 780, 'prev_oi': 260.0}, 'option_greeks': {'vega': 0.0, 'theta': 0.0, 'gamma': 0.0, 'delta': 1.0, 'iv': 0.0, 'pop': 99.0}}, 'put_options': {'instrument_key': 'NSE_FO|71746', 'market_data': {'ltp': 2.3, 'volume': 2117960, 'oi': 417170.0, 'close_price': 2.55, 'bid_price': 2.2, 'bid_qty': 1755, 'ask_price': 2.4, 'ask_qty': 780, 'prev_oi': 248040.0}, 'option_greeks': {'vega': 0.55, 'theta': -1.6168, 'gamma': 0.0, 'delta': -0.0064, 'iv': 35.28, 'pop': 0.73}}}"
success,"{'expiry': '2026-05-26', 'pcr': 305.6667, 'strike_price': 21250.0, 'underlying_key': 'NSE_INDEX|Nifty 50', 'underlying_spot_price': 23659.0, 'call_options': {'instrument_key': 'NSE_FO|71747', 'market_data': {'ltp': 1977.6, 'volume': 0, 'oi': 195.0, 'close_price': 1977.6, 'bid_price': 2361.75, 'bid_qty': 780, 'ask_price': 2490.2, 'ask_qty': 780, 'prev_oi': 260.0}, 'option_greeks': {'vega': 0.0, 'theta': 0.0, 'gamma': 0.0, 'delta': 1.0, 'iv': 0.0, 'pop': 99.0}}, 'put_options': {'instrument_key': 'NSE_FO|71748', 'market_data': {'ltp': 2.2, 'volume': 159250, 'oi': 59605.0, 'close_price': 2.5, 'bid_price': 2.2, 'bid_qty': 585, 'ask_price': 2.45, 'ask_qty': 520, 'prev_oi': 32370.0}, 'option_greeks': {'vega': 0.588, 'theta': -1.7106, 'gamma': 0.0, 'delta': -0.0069, 'iv': 34.91, 'pop': 0.78}}}"
success,"{'expiry': '2026-05-26', 'pcr': 2304.6, 'strike_price': 21300.0, 'underlying_key': 'NSE_INDEX|Nifty 50', 'underlying_spot_price': 23659.0, 'call_options': {'instrument_key': 'NSE_FO|71753', 'market_data': {'ltp': 2467.5, 'volume': 0, 'oi': 325.0, 'close_price': 2467.5, 'bid_price': 2345.4, 'bid_qty': 780, 'ask_price': 2434.75, 'ask_qty': 1690, 'prev_oi': 260.0}, 'option_greeks': {'vega': 4.4598, 'theta': -22.5021, 'gamma': 0.0001, 'delta': 0.9213, 'iv': 60.55, 'pop': 46.99}}, 'put_options': {'instrument_key': 'NSE_FO|71754', 'market_data': {'ltp': 2.25, 'volume': 3170310, 'oi': 748995.0, 'close_price': 2.7, 'bid_price': 2.2, 'bid_qty': 520, 'ask_price': 2.35, 'ask_qty': 1170, 'prev_oi': 178165.0}, 'option_greeks': {'vega': 0.5659, 'theta': -1.6003, 'gamma': 0.0, 'delta': -0.0066, 'iv': 33.94, 'pop': 0.75}}}"
success,"{'expiry': '2026-05-26', 'pcr': 363.75, 'strike_price': 21350.0, 'underlying_key': 'NSE_INDEX|Nifty 50', 'underlying_spot_price': 23659.0, 'call_options': {'instrument_key': 'NSE_FO|71761', 'market_data': {'ltp': 1859.75, 'volume': 0, 'oi': 260.0, 'close_price': 1859.75, 'bid_price': 2285.65, 'bid_qty': 780, 'ask_price': 2406.05, 'ask_qty': 780, 'prev_oi': 325.0}, 'option_greeks': {'vega': 0.0, 'theta': 0.0, 'gamma': 0.0, 'delta': 1.0, 'iv': 0.0, 'pop': 99.0}}, 'put_options': {'instrument_key': 'NSE_FO|71762', 'market_data': {'ltp': 2.4, 'volume': 1036620, 'oi': 94575.0, 'close_price': 2.65, 'bid_price': 2.25, 'bid_qty': 1300, 'ask_price': 2.45, 'ask_qty': 520, 'prev_oi': 55705.0}, 'option_greeks': {'vega': 0.5679, 'theta': -1.5713, 'gamma': 0.0, 'delta': -0.0067, 'iv': 33.2, 'pop': 0.75}}}"
success,"{'expiry': '2026-05-26', 'pcr': 1404.2, 'strike_price': 21400.0, 'underlying_key': 'NSE_INDEX|Nifty 50', 'underlying_spot_price': 23659.0, 'call_options': {'instrument_key': 'NSE_FO|71763', 'market_data': {'ltp': 3072.0, 'volume': 0, 'oi': 325.0, 'close_price': 3072.0, 'bid_price': 2270.35, 'bid_qty': 65, 'ask_price': 2344.1, 'ask_qty': 780, 'prev_oi': 325.0}, 'option_greeks': {'vega': 9.879, 'theta': -119.9766, 'gamma': 0.0001, 'delta': 0.7388, 'iv': 145.74, 'pop': 39.55}}, 'put_options': {'instrument_key': 'NSE_FO|71764', 'market_data': {'ltp': 2.4, 'volume': 2639260, 'oi': 456365.0, 'close_price': 2.8, 'bid_price': 2.3, 'bid_qty': 1300, 'ask_price': 2.55, 'ask_qty': 520, 'prev_oi': 231530.0}, 'option_greeks': {'vega': 0.609, 'theta': -1.6665, 'gamma': 0.0, 'delta': -0.0072, 'iv': 32.84, 'pop': 0.81}}}"
success,"{'expiry': '2026-05-26', 'pcr': 515.25, 'strike_price': 21450.0, 'underlying_key': 'NSE_INDEX|Nifty 50', 'underlying_spot_price': 23659.0, 'call_options': {'instrument_key': 'NSE_FO|71765', 'market_data': {'ltp': 2074.45, 'volume': 0, 'oi': 260.0, 'close_price': 2074.45, 'bid_price': 2168.65, 'bid_qty': 780, 'ask_price': 2293.95, 'ask_qty': 845, 'prev_oi': 325.0}, 'option_greeks': {'vega': 0.0, 'theta': 0.0, 'gamma': 0.0, 'delta': 1.0, 'iv': 0.0, 'pop': 99.0}}, 'put_options': {'instrument_key': 'NSE_FO|71766', 'market_data': {'ltp': 2.35, 'volume': 1508715, 'oi': 133965.0, 'close_price': 2.8, 'bid_price': 2.35, 'bid_qty': 3770, 'ask_price': 2.55, 'ask_qty': 1755, 'prev_oi': 66430.0}, 'option_greeks': {'vega': 0.6118, 'theta': -1.6368, 'gamma': 0.0, 'delta': -0.0073, 'iv': 32.1, 'pop': 0.81}}}"
success,"{'expiry': '2026-05-26', 'pcr': 124.4481, 'strike_price': 21500.0, 'underlying_key': 'NSE_INDEX|Nifty 50', 'underlying_spot_price': 23659.0, 'call_options': {'instrument_key': 'NSE_FO|71767', 'market_data': {'ltp': 2183.45, 'volume': 6760, 'oi': 39455.0, 'close_price': 2106.95, 'bid_price': 2191.5, 'bid_qty': 65, 'ask_price': 2204.5, 'ask_qty': 65, 'prev_oi': 43030.0}, 'option_greeks': {'vega': 0.0, 'theta': 0.0, 'gamma': 0.0, 'delta': 1.0, 'iv': 0.0, 'pop': 99.0}}, 'put_options': {'instrument_key': 'NSE_FO|71768', 'market_data': {'ltp': 2.5, 'volume': 12604150, 'oi': 4910100.0, 'close_price': 3.0, 'bid_price': 2.45, 'bid_qty': 4095, 'ask_price': 2.55, 'ask_qty': 1560, 'prev_oi': 3729310.0}, 'option_greeks': {'vega': 0.6572, 'theta': -1.7382, 'gamma': 0.0, 'delta': -0.0079, 'iv': 31.74, 'pop': 0.87}}}"
success,"{'expiry': '2026-05-26', 'pcr': 258.25, 'strike_price': 21550.0, 'underlying_key': 'NSE_INDEX|Nifty 50', 'underlying_spot_price': 23659.0, 'call_options': {'instrument_key': 'NSE_FO|71769', 'market_data': {'ltp': 2240.0, 'volume': 0, 'oi': 260.0, 'close_price': 2240.0, 'bid_price': 2089.9, 'bid_qty': 780, 'ask_price': 2191.55, 'ask_qty': 780, 'prev_oi': 195.0}, 'option_greeks': {'vega': 5.3957, 'theta': -27.0176, 'gamma': 0.0001, 'delta': 0.8984, 'iv': 60.09, 'pop': 46.48}}, 'put_options': {'instrument_key': 'NSE_FO|71770', 'market_data': {'ltp': 2.55, 'volume': 1322035, 'oi': 67145.0, 'close_price': 3.0, 'bid_price': 2.45, 'bid_qty': 975, 'ask_price': 2.55, 'ask_qty': 2535, 'prev_oi': 37635.0}, 'option_greeks': {'vega': 0.661, 'theta': -1.7078, 'gamma': 0.0, 'delta': -0.0079, 'iv': 31.01, 'pop': 0.88}}}"
success,"{'expiry': '2026-05-26', 'pcr': 4209.5, 'strike_price': 21600.0, 'underlying_key': 'NSE_INDEX|Nifty 50', 'underlying_spot_price': 23659.0, 'call_options': {'instrument_key': 'NSE_FO|71771', 'market_data': {'ltp': 1911.2, 'volume': 0, 'oi': 130.0, 'close_price': 1911.2, 'bid_price': 2027.5, 'bid_qty': 780, 'ask_price': 2154.0, 'ask_qty': 780, 'prev_oi': 195.0}, 'option_greeks': {'vega': 0.0, 'theta': 0.0, 'gamma': 0.0, 'delta': 1.0, 'iv': 0.0, 'pop': 99.0}}, 'put_options': {'instrument_key': 'NSE_FO|71772', 'market_data': {'ltp': 2.65, 'volume': 3731520, 'oi': 547235.0, 'close_price': 3.05, 'bid_price': 2.55, 'bid_qty': 2275, 'ask_price': 2.7, 'ask_qty': 3120, 'prev_oi': 337025.0}, 'option_greeks': {'vega': 0.6956, 'theta': -1.769, 'gamma': 0.0, 'delta': -0.0084, 'iv': 30.52, 'pop': 0.93}}}"
success,"{'expiry': '2026-05-26', 'pcr': 714.3333, 'strike_price': 21650.0, 'underlying_key': 'NSE_INDEX|Nifty 50', 'underlying_spot_price': 23659.0, 'call_options': {'instrument_key': 'NSE_FO|71778', 'market_data': {'ltp': 2070.8, 'volume': 0, 'oi': 195.0, 'close_price': 2070.8, 'bid_price': 1997.45, 'bid_qty': 780, 'ask_price': 2095.55, 'ask_qty': 1755, 'prev_oi': 130.0}, 'option_greeks': {'vega': 2.6428, 'theta': -9.0396, 'gamma': 0.0001, 'delta': 0.9595, 'iv': 41.05, 'pop': 48.29}}, 'put_options': {'instrument_key': 'NSE_FO|71779', 'market_data': {'ltp': 2.8, 'volume': 1309945, 'oi': 139295.0, 'close_price': 3.2, 'bid_price': 2.65, 'bid_qty': 2860, 'ask_price': 2.8, 'ask_qty': 1885, 'prev_oi': 101075.0}, 'option_greeks': {'vega': 0.7326, 'theta': -1.8334, 'gamma': 0.0, 'delta': -0.0089, 'iv': 30.03, 'pop': 0.98}}}"
success,"{'expiry': '2026-05-26', 'pcr': 3813.0, 'strike_price': 21700.0, 'underlying_key': 'NSE_INDEX|Nifty 50', 'underlying_spot_price': 23659.0, 'call_options': {'instrument_key': 'NSE_FO|71780', 'market_data': {'ltp': 1850.0, 'volume': 0, 'oi': 195.0, 'close_price': 1850.0, 'bid_price': 1947.2, 'bid_qty': 780, 'ask_price': 2044.35, 'ask_qty': 780, 'prev_oi': 260.0}, 'option_greeks': {'vega': 0.0, 'theta': 0.0, 'gamma': 0.0, 'delta': 1.0, 'iv': 0.0, 'pop': 99.0}}, 'put_options': {'instrument_key': 'NSE_FO|71781', 'market_data': {'ltp': 2.8, 'volume': 4004910, 'oi': 743535.0, 'close_price': 3.25, 'bid_price': 2.8, 'bid_qty': 975, 'ask_price': 2.85, 'ask_qty': 3250, 'prev_oi': 581685.0}, 'option_greeks': {'vega': 0.7723, 'theta': -1.9013, 'gamma': 0.0, 'delta': -0.0095, 'iv': 29.54, 'pop': 1.04}}}"
success,"{'expiry': '2026-05-26', 'pcr': 745.6667, 'strike_price': 21750.0, 'underlying_key': 'NSE_INDEX|Nifty 50', 'underlying_spot_price': 23659.0, 'call_options': {'instrument_key': 'NSE_FO|71782', 'market_data': {'ltp': 1876.35, 'volume': 0, 'oi': 195.0, 'close_price': 1876.35, 'bid_price': 1898.1, 'bid_qty': 780, 'ask_price': 1997.65, 'ask_qty': 1755, 'prev_oi': 130.0}, 'option_greeks': {'vega': 0.0, 'theta': 0.0, 'gamma': 0.0, 'delta': 1.0, 'iv': 0.0, 'pop': 99.0}}, 'put_options': {'instrument_key': 'NSE_FO|71783', 'market_data': {'ltp': 3.0, 'volume': 1413295, 'oi': 145405.0, 'close_price': 3.45, 'bid_price': 2.9, 'bid_qty': 3380, 'ask_price': 3.05, 'ask_qty': 3445, 'prev_oi': 129805.0}, 'option_greeks': {'vega': 0.7968, 'theta': -1.921, 'gamma': 0.0, 'delta': -0.0098, 'iv': 28.93, 'pop': 1.07}}}"
success,"{'expiry': '2026-05-26', 'pcr': 593.9375, 'strike_price': 21800.0, 'underlying_key': 'NSE_INDEX|Nifty 50', 'underlying_spot_price': 23659.0, 'call_options': {'instrument_key': 'NSE_FO|71784', 'market_data': {'ltp': 1849.75, 'volume': 650, 'oi': 3120.0, 'close_price': 1834.8, 'bid_price': 1863.6, 'bid_qty': 65, 'ask_price': 1947.3, 'ask_qty': 845, 'prev_oi': 3445.0}, 'option_greeks': {'vega': 0.0, 'theta': 0.0, 'gamma': 0.0, 'delta': 1.0, 'iv': 0.0, 'pop': 99.0}}, 'put_options': {'instrument_key': 'NSE_FO|71785', 'market_data': {'ltp': 3.0, 'volume': 10831860, 'oi': 1853085.0, 'close_price': 3.6, 'bid_price': 3.0, 'bid_qty': 2405, 'ask_price': 3.1, 'ask_qty': 1820, 'prev_oi': 1517555.0}, 'option_greeks': {'vega': 0.8416, 'theta': -1.9947, 'gamma': 0.0, 'delta': -0.0105, 'iv': 28.44, 'pop': 1.14}}}"
success,"{'expiry': '2026-05-26', 'pcr': 1334.0, 'strike_price': 21850.0, 'underlying_key': 'NSE_INDEX|Nifty 50', 'underlying_spot_price': 23659.0, 'call_options': {'instrument_key': 'NSE_FO|71786', 'market_data': {'ltp': 1652.65, 'volume': 0, 'oi': 195.0, 'close_price': 1656.15, 'bid_price': 1770.85, 'bid_qty': 780, 'ask_price': 1894.35, 'ask_qty': 1755, 'prev_oi': 195.0}, 'option_greeks': {'vega': 0.0, 'theta': 0.0, 'gamma': 0.0, 'delta': 1.0, 'iv': 0.0, 'pop': 99.0}}, 'put_options': {'instrument_key': 'NSE_FO|71787', 'market_data': {'ltp': 3.35, 'volume': 1951430, 'oi': 260130.0, 'close_price': 3.85, 'bid_price': 3.1, 'bid_qty': 1755, 'ask_price': 3.3, 'ask_qty': 3510, 'prev_oi': 57915.0}, 'option_greeks': {'vega': 0.9098, 'theta': -2.1286, 'gamma': 0.0, 'delta': -0.0114, 'iv': 28.08, 'pop': 1.24}}}"
success,"{'expiry': '2026-05-26', 'pcr': 1914.5714, 'strike_price': 21900.0, 'underlying_key': 'NSE_INDEX|Nifty 50', 'underlying_spot_price': 23659.0, 'call_options': {'instrument_key': 'NSE_FO|71788', 'market_data': {'ltp': 1579.0, 'volume': 0, 'oi': 455.0, 'close_price': 1569.25, 'bid_price': 1740.85, 'bid_qty': 780, 'ask_price': 1852.65, 'ask_qty': 1755, 'prev_oi': 585.0}, 'option_greeks': {'vega': 0.0, 'theta': 0.0, 'gamma': 0.0, 'delta': 1.0, 'iv': 0.0, 'pop': 99.0}}, 'put_options': {'instrument_key': 'NSE_FO|71789', 'market_data': {'ltp': 3.45, 'volume': 6606535, 'oi': 871130.0, 'close_price': 4.1, 'bid_price': 3.35, 'bid_qty': 1755, 'ask_price': 3.5, 'ask_qty': 2860, 'prev_oi': 659425.0}, 'option_greeks': {'vega': 0.9415, 'theta': -2.155, 'gamma': 0.0, 'delta': -0.0119, 'iv': 27.47, 'pop': 1.29}}}"
success,"{'expiry': '2026-05-26', 'pcr': 1231.6667, 'strike_price': 21950.0, 'underlying_key': 'NSE_INDEX|Nifty 50', 'underlying_spot_price': 23659.0, 'call_options': {'instrument_key': 'NSE_FO|71790', 'market_data': {'ltp': 1636.6, 'volume': 0, 'oi': 195.0, 'close_price': 1636.6, 'bid_price': 1679.65, 'bid_qty': 780, 'ask_price': 1794.4, 'ask_qty': 780, 'prev_oi': 260.0}, 'option_greeks': {'vega': 0.0, 'theta': 0.0, 'gamma': 0.0, 'delta': 1.0, 'iv': 0.0, 'pop': 99.0}}, 'put_options': {'instrument_key': 'NSE_FO|71792', 'market_data': {'ltp': 3.65, 'volume': 2046525, 'oi': 240175.0, 'close_price': 4.5, 'bid_price': 3.6, 'bid_qty': 65, 'ask_price': 3.75, 'ask_qty': 1755, 'prev_oi': 103415.0}, 'option_greeks': {'vega': 0.9974, 'theta': -2.2423, 'gamma': 0.0, 'delta': -0.0127, 'iv': 26.98, 'pop': 1.37}}}"
success,"{'expiry': '2026-05-26', 'pcr': 11.4305, 'strike_price': 22000.0, 'underlying_key': 'NSE_INDEX|Nifty 50', 'underlying_spot_price': 23659.0, 'call_options': {'instrument_key': 'NSE_FO|71793', 'market_data': {'ltp': 1701.4, 'volume': 183235, 'oi': 759915.0, 'close_price': 1607.8, 'bid_price': 1699.4, 'bid_qty': 65, 'ask_price': 1709.65, 'ask_qty': 195, 'prev_oi': 807690.0}, 'option_greeks': {'vega': 0.5261, 'theta': -1.0223, 'gamma': 0.0, 'delta': 0.9939, 'iv': 23.32, 'pop': 49.32}}, 'put_options': {'instrument_key': 'NSE_FO|71799', 'market_data': {'ltp': 3.95, 'volume': 22982375, 'oi': 8686210.0, 'close_price': 4.9, 'bid_price': 3.95, 'bid_qty': 65, 'ask_price': 4.0, 'ask_qty': 2795, 'prev_oi': 6879210.0}, 'option_greeks': {'vega': 1.1049, 'theta': -2.4615, 'gamma': 0.0, 'delta': -0.0143, 'iv': 26.73, 'pop': 1.54}}}"
success,"{'expiry': '2026-05-26', 'pcr': 347.9333, 'strike_price': 22050.0, 'underlying_key': 'NSE_INDEX|Nifty 50', 'underlying_spot_price': 23659.0, 'call_options': {'instrument_key': 'NSE_FO|71813', 'market_data': {'ltp': 1683.0, 'volume': 0, 'oi': 975.0, 'close_price': 1683.0, 'bid_price': 1594.4, 'bid_qty': 780, 'ask_price': 1691.35, 'ask_qty': 780, 'prev_oi': 910.0}, 'option_greeks': {'vega': 3.8398, 'theta': -12.0697, 'gamma': 0.0001, 'delta': 0.9353, 'iv': 37.72, 'pop': 47.89}}, 'put_options': {'instrument_key': 'NSE_FO|71814', 'market_data': {'ltp': 4.35, 'volume': 2868905, 'oi': 339235.0, 'close_price': 5.1, 'bid_price': 4.15, 'bid_qty': 65, 'ask_price': 4.25, 'ask_qty': 3510, 'prev_oi': 146965.0}, 'option_greeks': {'vega': 1.1477, 'theta': -2.4985, 'gamma': 0.0, 'delta': -0.015, 'iv': 26.12, 'pop': 1.6}}}"
success,"{'expiry': '2026-05-26', 'pcr': 2040.0952, 'strike_price': 22100.0, 'underlying_key': 'NSE_INDEX|Nifty 50', 'underlying_spot_price': 23659.0, 'call_options': {'instrument_key': 'NSE_FO|71816', 'market_data': {'ltp': 1563.9, 'volume': 2080, 'oi': 1365.0, 'close_price': 1512.9, 'bid_price': 1595.0, 'bid_qty': 65, 'ask_price': 1610.2, 'ask_qty': 65, 'prev_oi': 2015.0}, 'option_greeks': {'vega': 0.0, 'theta': 0.0, 'gamma': 0.0, 'delta': 1.0, 'iv': 0.0, 'pop': 99.0}}, 'put_options': {'instrument_key': 'NSE_FO|71817', 'market_data': {'ltp': 4.5, 'volume': 11248705, 'oi': 2784730.0, 'close_price': 5.5, 'bid_price': 4.55, 'bid_qty': 585, 'ask_price': 4.65, 'ask_qty': 8450, 'prev_oi': 1110720.0}, 'option_greeks': {'vega': 1.2197, 'theta': -2.6055, 'gamma': 0.0001, 'delta': -0.0161, 'iv': 25.63, 'pop': 1.72}}}"
success,"{'expiry': '2026-05-26', 'pcr': 2495.0, 'strike_price': 22150.0, 'underlying_key': 'NSE_INDEX|Nifty 50', 'underlying_spot_price': 23659.0, 'call_options': {'instrument_key': 'NSE_FO|71818', 'market_data': {'ltp': 1250.0, 'volume': 0, 'oi': 195.0, 'close_price': 1250.0, 'bid_price': 1467.8, 'bid_qty': 780, 'ask_price': 1590.25, 'ask_qty': 845, 'prev_oi': 260.0}, 'option_greeks': {'vega': 0.0, 'theta': 0.0, 'gamma': 0.0, 'delta': 1.0, 'iv': 0.0, 'pop': 99.0}}, 'put_options': {'instrument_key': 'NSE_FO|71819', 'market_data': {'ltp': 4.7, 'volume': 6108375, 'oi': 486525.0, 'close_price': 6.1, 'bid_price': 4.6, 'bid_qty': 2015, 'ask_price': 4.75, 'ask_qty': 3250, 'prev_oi': 864955.0}, 'option_greeks': {'vega': 1.2838, 'theta': -2.6838, 'gamma': 0.0001, 'delta': -0.017, 'iv': 25.09, 'pop': 1.81}}}"
success,"{'expiry': '2026-05-26', 'pcr': 1064.0488, 'strike_price': 22200.0, 'underlying_key': 'NSE_INDEX|Nifty 50', 'underlying_spot_price': 23659.0, 'call_options': {'instrument_key': 'NSE_FO|71820', 'market_data': {'ltp': 1464.65, 'volume': 2340, 'oi': 2665.0, 'close_price': 1504.0, 'bid_price': 1498.65, 'bid_qty': 130, 'ask_price': 1510.85, 'ask_qty': 65, 'prev_oi': 4030.0}, 'option_greeks': {'vega': 0.0, 'theta': 0.0, 'gamma': 0.0, 'delta': 1.0, 'iv': 0.0, 'pop': 99.0}}, 'put_options': {'instrument_key': 'NSE_FO|71821', 'market_data': {'ltp': 5.1, 'volume': 11093290, 'oi': 2835690.0, 'close_price': 6.45, 'bid_price': 5.0, 'bid_qty': 6695, 'ask_price': 5.15, 'ask_qty': 4030, 'prev_oi': 1608425.0}, 'option_greeks': {'vega': 1.3677, 'theta': -2.8034, 'gamma': 0.0001, 'delta': -0.0184, 'iv': 24.6, 'pop': 1.95}}}"
success,"{'expiry': '2026-05-26', 'pcr': 859.6, 'strike_price': 22250.0, 'underlying_key': 'NSE_INDEX|Nifty 50', 'underlying_spot_price': 23659.0, 'call_options': {'instrument_key': 'NSE_FO|71832', 'market_data': {'ltp': 1368.85, 'volume': 65, 'oi': 650.0, 'close_price': 1190.0, 'bid_price': 1387.35, 'bid_qty': 2535, 'ask_price': 1486.0, 'ask_qty': 780, 'prev_oi': 650.0}, 'option_greeks': {'vega': 0.0, 'theta': 0.0, 'gamma': 0.0, 'delta': 1.0, 'iv': 0.0, 'pop': 99.0}}, 'put_options': {'instrument_key': 'NSE_FO|71833', 'market_data': {'ltp': 5.55, 'volume': 4324645, 'oi': 558740.0, 'close_price': 7.15, 'bid_price': 5.45, 'bid_qty': 3120, 'ask_price': 5.6, 'ask_qty': 1430, 'prev_oi': 306865.0}, 'option_greeks': {'vega': 1.4742, 'theta': -2.9693, 'gamma': 0.0001, 'delta': -0.02, 'iv': 24.17, 'pop': 2.12}}}"
success,"{'expiry': '2026-05-26', 'pcr': 1105.2632, 'strike_price': 22300.0, 'underlying_key': 'NSE_INDEX|Nifty 50', 'underlying_spot_price': 23659.0, 'call_options': {'instrument_key': 'NSE_FO|71836', 'market_data': {'ltp': 1380.4, 'volume': 975, 'oi': 2470.0, 'close_price': 1320.0, 'bid_price': 1346.85, 'bid_qty': 65, 'ask_price': 1414.6, 'ask_qty': 65, 'prev_oi': 3120.0}, 'option_greeks': {'vega': 0.0, 'theta': 0.0, 'gamma': 0.0, 'delta': 1.0, 'iv': 0.0, 'pop': 99.0}}, 'put_options': {'instrument_key': 'NSE_FO|71837', 'market_data': {'ltp': 5.75, 'volume': 13847795, 'oi': 2730000.0, 'close_price': 7.75, 'bid_price': 5.75, 'bid_qty': 1430, 'ask_price': 5.85, 'ask_qty': 975, 'prev_oi': 2661360.0}, 'option_greeks': {'vega': 1.5742, 'theta': -3.1067, 'gamma': 0.0001, 'delta': -0.0217, 'iv': 23.68, 'pop': 2.28}}}"
success,"{'expiry': '2026-05-26', 'pcr': 3104.4286, 'strike_price': 22350.0, 'underlying_key': 'NSE_INDEX|Nifty 50', 'underlying_spot_price': 23659.0, 'call_options': {'instrument_key': 'NSE_FO|71838', 'market_data': {'ltp': 1250.0, 'volume': 0, 'oi': 455.0, 'close_price': 1250.0, 'bid_price': 1324.55, 'bid_qty': 780, 'ask_price': 1403.85, 'ask_qty': 780, 'prev_oi': 520.0}, 'option_greeks': {'vega': 0.0, 'theta': 0.0, 'gamma': 0.0, 'delta': 1.0, 'iv': 0.0, 'pop': 99.0}}, 'put_options': {'instrument_key': 'NSE_FO|71839', 'market_data': {'ltp': 6.35, 'volume': 6221085, 'oi': 1412515.0, 'close_price': 8.75, 'bid_price': 6.25, 'bid_qty': 1950, 'ask_price': 6.35, 'ask_qty': 1755, 'prev_oi': 225290.0}, 'option_greeks': {'vega': 1.7005, 'theta': -3.2953, 'gamma': 0.0001, 'delta': -0.0237, 'iv': 23.25, 'pop': 2.49}}}"
success,"{'expiry': '2026-05-26', 'pcr': 132.7105, 'strike_price': 22400.0, 'underlying_key': 'NSE_INDEX|Nifty 50', 'underlying_spot_price': 23659.0, 'call_options': {'instrument_key': 'NSE_FO|71840', 'market_data': {'ltp': 1290.75, 'volume': 3640, 'oi': 14820.0, 'close_price': 1207.55, 'bid_price': 1298.8, 'bid_qty': 195, 'ask_price': 1315.35, 'ask_qty': 65, 'prev_oi': 15145.0}, 'option_greeks': {'vega': 0.0, 'theta': 0.0, 'gamma': 0.0, 'delta': 1.0, 'iv': 0.0, 'pop': 99.0}}, 'put_options': {'instrument_key': 'NSE_FO|71841', 'market_data': {'ltp': 6.8, 'volume': 13915330, 'oi': 1966770.0, 'close_price': 9.9, 'bid_price': 6.75, 'bid_qty': 1105, 'ask_price': 6.8, 'ask_qty': 455, 'prev_oi': 1287260.0}, 'option_greeks': {'vega': 1.8204, 'theta': -3.4536, 'gamma': 0.0001, 'delta': -0.0257, 'iv': 22.77, 'pop': 2.69}}}"
success,"{'expiry': '2026-05-26', 'pcr': 903.125, 'strike_price': 22450.0, 'underlying_key': 'NSE_INDEX|Nifty 50', 'underlying_spot_price': 23659.0, 'call_options': {'instrument_key': 'NSE_FO|71848', 'market_data': {'ltp': 1220.3, 'volume': 1040, 'oi': 520.0, 'close_price': 1150.0, 'bid_price': 1249.1, 'bid_qty': 130, 'ask_price': 1279.6, 'ask_qty': 130, 'prev_oi': 650.0}, 'option_greeks': {'vega': 0.0, 'theta': 0.0, 'gamma': 0.0, 'delta': 1.0, 'iv': 0.0, 'pop': 99.0}}, 'put_options': {'instrument_key': 'NSE_FO|71849', 'market_data': {'ltp': 7.45, 'volume': 6825585, 'oi': 469625.0, 'close_price': 11.2, 'bid_price': 7.3, 'bid_qty': 910, 'ask_price': 7.5, 'ask_qty': 1950, 'prev_oi': 369200.0}, 'option_greeks': {'vega': 1.9899, 'theta': -3.7144, 'gamma': 0.0001, 'delta': -0.0286, 'iv': 22.4, 'pop': 2.98}}}"
success,"{'expiry': '2026-05-26', 'pcr': 26.8304, 'strike_price': 22500.0, 'underlying_key': 'NSE_INDEX|Nifty 50', 'underlying_spot_price': 23659.0, 'call_options': {'instrument_key': 'NSE_FO|71859', 'market_data': {'ltp': 1204.2, 'volume': 142740, 'oi': 330395.0, 'close_price': 1124.45, 'bid_price': 1202.0, 'bid_qty': 65, 'ask_price': 1210.6, 'ask_qty': 65, 'prev_oi': 345540.0}, 'option_greeks': {'vega': 1.4091, 'theta': -2.3078, 'gamma': 0.0001, 'delta': 0.981, 'iv': 19.65, 'pop': 49.22}}, 'put_options': {'instrument_key': 'NSE_FO|71860', 'market_data': {'ltp': 8.1, 'volume': 33036445, 'oi': 8864635.0, 'close_price': 12.8, 'bid_price': 8.25, 'bid_qty': 845, 'ask_price': 8.4, 'ask_qty': 1690, 'prev_oi': 7086885.0}, 'option_greeks': {'vega': 2.1353, 'theta': -3.8989, 'gamma': 0.0001, 'delta': -0.0312, 'iv': 21.91, 'pop': 3.23}}}"
success,"{'expiry': '2026-05-26', 'pcr': 649.1, 'strike_price': 22550.0, 'underlying_key': 'NSE_INDEX|Nifty 50', 'underlying_spot_price': 23659.0, 'call_options': {'instrument_key': 'NSE_FO|71867', 'market_data': {'ltp': 1118.4, 'volume': 2210, 'oi': 1950.0, 'close_price': 1067.0, 'bid_price': 1151.65, 'bid_qty': 130, 'ask_price': 1164.95, 'ask_qty': 195, 'prev_oi': 2145.0}, 'option_greeks': {'vega': 0.0, 'theta': 0.0, 'gamma': 0.0, 'delta': 1.0, 'iv': 0.0, 'pop': 99.0}}, 'put_options': {'instrument_key': 'NSE_FO|71868', 'market_data': {'ltp': 9.05, 'volume': 9197825, 'oi': 1265745.0, 'close_price': 14.1, 'bid_price': 9.0, 'bid_qty': 195, 'ask_price': 9.15, 'ask_qty': 1560, 'prev_oi': 356135.0}, 'option_greeks': {'vega': 2.3588, 'theta': -4.247, 'gamma': 0.0001, 'delta': -0.0352, 'iv': 21.61, 'pop': 3.62}}}"
success,"{'expiry': '2026-05-26', 'pcr': 488.1641, 'strike_price': 22600.0, 'underlying_key': 'NSE_INDEX|Nifty 50', 'underlying_spot_price': 23659.0, 'call_options': {'instrument_key': 'NSE_FO|71869', 'market_data': {'ltp': 1084.7, 'volume': 9620, 'oi': 8320.0, 'close_price': 1026.25, 'bid_price': 1102.6, 'bid_qty': 65, 'ask_price': 1111.0, 'ask_qty': 65, 'prev_oi': 7020.0}, 'option_greeks': {'vega': 0.0, 'theta': 0.0, 'gamma': 0.0, 'delta': 1.0, 'iv': 0.0, 'pop': 99.0}}, 'put_options': {'instrument_key': 'NSE_FO|71870', 'market_data': {'ltp': 10.0, 'volume': 18585515, 'oi': 4061525.0, 'close_price': 16.15, 'bid_price': 10.0, 'bid_qty': 2860, 'ask_price': 10.15, 'ask_qty': 2275, 'prev_oi': 2807480.0}, 'option_greeks': {'vega': 2.559, 'theta': -4.5165, 'gamma': 0.0001, 'delta': -0.0389, 'iv': 21.18, 'pop': 3.98}}}"
success,"{'expiry': '2026-05-26', 'pcr': 488.6538, 'strike_price': 22650.0, 'underlying_key': 'NSE_INDEX|Nifty 50', 'underlying_spot_price': 23659.0, 'call_options': {'instrument_key': 'NSE_FO|71877', 'market_data': {'ltp': 967.15, 'volume': 195, 'oi': 1690.0, 'close_price': 967.15, 'bid_price': 1054.5, 'bid_qty': 65, 'ask_price': 1067.2, 'ask_qty': 65, 'prev_oi': 1690.0}, 'option_greeks': {'vega': 0.0, 'theta': 0.0, 'gamma': 0.0, 'delta': 1.0, 'iv': 0.0, 'pop': 99.0}}, 'put_options': {'instrument_key': 'NSE_FO|71878', 'market_data': {'ltp': 11.75, 'volume': 9066460, 'oi': 825825.0, 'close_price': 18.45, 'bid_price': 11.7, 'bid_qty': 780, 'ask_price': 11.9, 'ask_qty': 1950, 'prev_oi': 332410.0}, 'option_greeks': {'vega': 2.8378, 'theta': -4.9436, 'gamma': 0.0001, 'delta': -0.0442, 'iv': 20.9, 'pop': 4.49}}}"
success,"{'expiry': '2026-05-26', 'pcr': 114.8468, 'strike_price': 22700.0, 'underlying_key': 'NSE_INDEX|Nifty 50', 'underlying_spot_price': 23659.0, 'call_options': {'instrument_key': 'NSE_FO|71879', 'market_data': {'ltp': 999.0, 'volume': 15535, 'oi': 28860.0, 'close_price': 924.2, 'bid_price': 1006.7, 'bid_qty': 65, 'ask_price': 1018.75, 'ask_qty': 65, 'prev_oi': 28925.0}, 'option_greeks': {'vega': 0.0, 'theta': 0.0, 'gamma': 0.0, 'delta': 1.0, 'iv': 0.0, 'pop': 99.0}}, 'put_options': {'instrument_key': 'NSE_FO|71880', 'market_data': {'ltp': 13.15, 'volume': 21666645, 'oi': 3314480.0, 'close_price': 21.2, 'bid_price': 13.0, 'bid_qty': 650, 'ask_price': 13.15, 'ask_qty': 1300, 'prev_oi': 2443545.0}, 'option_greeks': {'vega': 3.1307, 'theta': -5.3741, 'gamma': 0.0002, 'delta': -0.0499, 'iv': 20.6, 'pop': 5.04}}}"
success,"{'expiry': '2026-05-26', 'pcr': 323.9767, 'strike_price': 22750.0, 'underlying_key': 'NSE_INDEX|Nifty 50', 'underlying_spot_price': 23659.0, 'call_options': {'instrument_key': 'NSE_FO|71881', 'market_data': {'ltp': 950.25, 'volume': 2210, 'oi': 2795.0, 'close_price': 876.3, 'bid_price': 928.45, 'bid_qty': 910, 'ask_price': 1010.55, 'ask_qty': 780, 'prev_oi': 3055.0}, 'option_greeks': {'vega': 0.2098, 'theta': -0.1963, 'gamma': 0.0, 'delta': 0.9978, 'iv': 11.23, 'pop': 49.68}}, 'put_options': {'instrument_key': 'NSE_FO|71882', 'market_data': {'ltp': 15.05, 'volume': 10768875, 'oi': 905515.0, 'close_price': 24.0, 'bid_price': 14.8, 'bid_qty': 65, 'ask_price': 14.95, 'ask_qty': 1365, 'prev_oi': 529295.0}, 'option_greeks': {'vega': 3.4505, 'theta': -5.8353, 'gamma': 0.0002, 'delta': -0.0565, 'iv': 20.29, 'pop': 5.65}}}"
success,"{'expiry': '2026-05-26', 'pcr': 58.1431, 'strike_price': 22800.0, 'underlying_key': 'NSE_INDEX|Nifty 50', 'underlying_spot_price': 23659.0, 'call_options': {'instrument_key': 'NSE_FO|71883', 'market_data': {'ltp': 920.7, 'volume': 115050, 'oi': 84045.0, 'close_price': 835.1, 'bid_price': 910.05, 'bid_qty': 65, 'ask_price': 918.3, 'ask_qty': 260, 'prev_oi': 70330.0}, 'option_greeks': {'vega': 4.1887, 'theta': -7.2969, 'gamma': 0.0002, 'delta': 0.9276, 'iv': 20.9, 'pop': 48.17}}, 'put_options': {'instrument_key': 'NSE_FO|71884', 'market_data': {'ltp': 16.95, 'volume': 30955860, 'oi': 4886635.0, 'close_price': 27.9, 'bid_price': 16.8, 'bid_qty': 65, 'ask_price': 16.95, 'ask_qty': 1885, 'prev_oi': 4053725.0}, 'option_greeks': {'vega': 3.8053, 'theta': -6.3434, 'gamma': 0.0002, 'delta': -0.064, 'iv': 20.0, 'pop': 6.35}}}"
success,"{'expiry': '2026-05-26', 'pcr': 149.5745, 'strike_price': 22850.0, 'underlying_key': 'NSE_INDEX|Nifty 50', 'underlying_spot_price': 23659.0, 'call_options': {'instrument_key': 'NSE_FO|71885', 'market_data': {'ltp': 866.0, 'volume': 5590, 'oi': 6110.0, 'close_price': 802.95, 'bid_price': 862.75, 'bid_qty': 130, 'ask_price': 873.15, 'ask_qty': 130, 'prev_oi': 5785.0}, 'option_greeks': {'vega': 3.7897, 'theta': -5.9464, 'gamma': 0.0002, 'delta': 0.9364, 'iv': 18.83, 'pop': 48.4}}, 'put_options': {'instrument_key': 'NSE_FO|71886', 'market_data': {'ltp': 19.55, 'volume': 12985440, 'oi': 913900.0, 'close_price': 32.1, 'bid_price': 19.75, 'bid_qty': 195, 'ask_price': 19.95, 'ask_qty': 1040, 'prev_oi': 341965.0}, 'option_greeks': {'vega': 4.2104, 'theta': -6.9331, 'gamma': 0.0002, 'delta': -0.0729, 'iv': 19.76, 'pop': 7.17}}}"
success,"{'expiry': '2026-05-26', 'pcr': 43.341, 'strike_price': 22900.0, 'underlying_key': 'NSE_INDEX|Nifty 50', 'underlying_spot_price': 23659.0, 'call_options': {'instrument_key': 'NSE_FO|71887', 'market_data': {'ltp': 809.95, 'volume': 80015, 'oi': 45370.0, 'close_price': 746.5, 'bid_price': 818.7, 'bid_qty': 65, 'ask_price': 825.5, 'ask_qty': 65, 'prev_oi': 24830.0}, 'option_greeks': {'vega': 3.0407, 'theta': -4.1061, 'gamma': 0.0002, 'delta': 0.9519, 'iv': 16.2, 'pop': 48.78}}, 'put_options': {'instrument_key': 'NSE_FO|71888', 'market_data': {'ltp': 22.25, 'volume': 27004575, 'oi': 1966380.0, 'close_price': 36.5, 'bid_price': 22.2, 'bid_qty': 650, 'ask_price': 22.45, 'ask_qty': 520, 'prev_oi': 1360905.0}, 'option_greeks': {'vega': 4.6263, 'theta': -7.5061, 'gamma': 0.0003, 'delta': -0.0826, 'iv': 19.47, 'pop': 8.04}}}"
success,"{'expiry': '2026-05-26', 'pcr': 38.5042, 'strike_price': 22950.0, 'underlying_key': 'NSE_INDEX|Nifty 50', 'underlying_spot_price': 23659.0, 'call_options': {'instrument_key': 'NSE_FO|71889', 'market_data': {'ltp': 761.7, 'volume': 27430, 'oi': 22945.0, 'close_price': 684.05, 'bid_price': 773.75, 'bid_qty': 65, 'ask_price': 780.0, 'ask_qty': 65, 'prev_oi': 16965.0}, 'option_greeks': {'vega': 3.4375, 'theta': -4.5545, 'gamma': 0.0002, 'delta': 0.9438, 'iv': 15.9, 'pop': 48.63}}, 'put_options': {'instrument_key': 'NSE_FO|71890', 'market_data': {'ltp': 26.0, 'volume': 13685295, 'oi': 883480.0, 'close_price': 42.55, 'bid_price': 25.8, 'bid_qty': 325, 'ask_price': 26.05, 'ask_qty': 520, 'prev_oi': 301145.0}, 'option_greeks': {'vega': 5.1005, 'theta': -8.1784, 'gamma': 0.0003, 'delta': -0.0941, 'iv': 19.24, 'pop': 9.06}}}"
success,"{'expiry': '2026-05-26', 'pcr': 8.9203, 'strike_price': 23000.0, 'underlying_key': 'NSE_INDEX|Nifty 50', 'underlying_spot_price': 23659.0, 'call_options': {'instrument_key': 'NSE_FO|71891', 'market_data': {'ltp': 730.0, 'volume': 2003495, 'oi': 966290.0, 'close_price': 654.3, 'bid_price': 728.4, 'bid_qty': 1040, 'ask_price': 731.2, 'ask_qty': 520, 'prev_oi': 1003145.0}, 'option_greeks': {'vega': 5.8381, 'theta': -9.5095, 'gamma': 0.0003, 'delta': 0.8866, 'iv': 19.55, 'pop': 47.28}}, 'put_options': {'instrument_key': 'NSE_FO|71892', 'market_data': {'ltp': 30.3, 'volume': 78593775, 'oi': 8619585.0, 'close_price': 48.7, 'bid_price': 30.05, 'bid_qty': 2860, 'ask_price': 30.25, 'ask_qty': 3315, 'prev_oi': 7223710.0}, 'option_greeks': {'vega': 5.6185, 'theta': -8.9161, 'gamma': 0.0003, 'delta': -0.1075, 'iv': 19.04, 'pop': 10.21}}}"
success,"{'expiry': '2026-05-26', 'pcr': 41.5513, 'strike_price': 23050.0, 'underlying_key': 'NSE_INDEX|Nifty 50', 'underlying_spot_price': 23659.0, 'call_options': {'instrument_key': 'NSE_FO|71895', 'market_data': {'ltp': 682.9, 'volume': 103155, 'oi': 29120.0, 'close_price': 610.55, 'bid_price': 682.25, 'bid_qty': 520, 'ask_price': 686.75, 'ask_qty': 520, 'prev_oi': 16835.0}, 'option_greeks': {'vega': 5.0276, 'theta': -6.9042, 'gamma': 0.0003, 'delta': 0.9077, 'iv': 16.48, 'pop': 47.85}}, 'put_options': {'instrument_key': 'NSE_FO|71896', 'market_data': {'ltp': 34.6, 'volume': 16797040, 'oi': 1209975.0, 'close_price': 55.8, 'bid_price': 34.15, 'bid_qty': 1170, 'ask_price': 34.45, 'ask_qty': 1040, 'prev_oi': 507195.0}, 'option_greeks': {'vega': 6.1505, 'theta': -9.643, 'gamma': 0.0004, 'delta': -0.122, 'iv': 18.81, 'pop': 11.44}}}"
success,"{'expiry': '2026-05-26', 'pcr': 24.5386, 'strike_price': 23100.0, 'underlying_key': 'NSE_INDEX|Nifty 50', 'underlying_spot_price': 23659.0, 'call_options': {'instrument_key': 'NSE_FO|71919', 'market_data': {'ltp': 643.25, 'volume': 583180, 'oi': 96915.0, 'close_price': 571.7, 'bid_price': 638.0, 'bid_qty': 65, 'ask_price': 641.05, 'ask_qty': 520, 'prev_oi': 80210.0}, 'option_greeks': {'vega': 6.6878, 'theta': -10.3322, 'gamma': 0.0004, 'delta': 0.8623, 'iv': 18.54, 'pop': 46.72}}, 'put_options': {'instrument_key': 'NSE_FO|71920', 'market_data': {'ltp': 39.8, 'volume': 35675445, 'oi': 2378155.0, 'close_price': 62.9, 'bid_price': 40.0, 'bid_qty': 520, 'ask_price': 40.3, 'ask_qty': 650, 'prev_oi': 1589575.0}, 'option_greeks': {'vega': 6.7006, 'theta': -10.369, 'gamma': 0.0004, 'delta': -0.1381, 'iv': 18.57, 'pop': 12.76}}}"
success,"{'expiry': '2026-05-26', 'pcr': 26.0901, 'strike_price': 23150.0, 'underlying_key': 'NSE_INDEX|Nifty 50', 'underlying_spot_price': 23659.0, 'call_options': {'instrument_key': 'NSE_FO|71941', 'market_data': {'ltp': 597.45, 'volume': 293215, 'oi': 53365.0, 'close_price': 527.65, 'bid_price': 594.4, 'bid_qty': 520, 'ask_price': 597.55, 'ask_qty': 520, 'prev_oi': 38870.0}, 'option_greeks': {'vega': 7.4824, 'theta': -11.7692, 'gamma': 0.0004, 'delta': 0.837, 'iv': 18.88, 'pop': 46.05}}, 'put_options': {'instrument_key': 'NSE_FO|71942', 'market_data': {'ltp': 45.65, 'volume': 20255430, 'oi': 1392300.0, 'close_price': 72.55, 'bid_price': 45.65, 'bid_qty': 910, 'ask_price': 45.9, 'ask_qty': 520, 'prev_oi': 425490.0}, 'option_greeks': {'vega': 7.2923, 'theta': -11.1688, 'gamma': 0.0004, 'delta': -0.1567, 'iv': 18.38, 'pop': 14.24}}}"
success,"{'expiry': '2026-05-26', 'pcr': 10.3117, 'strike_price': 23200.0, 'underlying_key': 'NSE_INDEX|Nifty 50', 'underlying_spot_price': 23659.0, 'call_options': {'instrument_key': 'NSE_FO|71977', 'market_data': {'ltp': 554.95, 'volume': 3546660, 'oi': 395980.0, 'close_price': 493.75, 'bid_price': 552.05, 'bid_qty': 780, 'ask_price': 554.8, 'ask_qty': 520, 'prev_oi': 292305.0}, 'option_greeks': {'vega': 7.964, 'theta': -12.1976, 'gamma': 0.0005, 'delta': 0.8203, 'iv': 18.38, 'pop': 45.61}}, 'put_options': {'instrument_key': 'NSE_FO|71978', 'market_data': {'ltp': 52.75, 'volume': 51590305, 'oi': 4083235.0, 'close_price': 82.55, 'bid_price': 52.5, 'bid_qty': 130, 'ask_price': 52.75, 'ask_qty': 65, 'prev_oi': 2936310.0}, 'option_greeks': {'vega': 7.8733, 'theta': -11.8935, 'gamma': 0.0005, 'delta': -0.1764, 'iv': 18.13, 'pop': 15.76}}}"
success,"{'expiry': '2026-05-26', 'pcr': 18.3382, 'strike_price': 23250.0, 'underlying_key': 'NSE_INDEX|Nifty 50', 'underlying_spot_price': 23659.0, 'call_options': {'instrument_key': 'NSE_FO|71979', 'market_data': {'ltp': 514.8, 'volume': 1332370, 'oi': 67470.0, 'close_price': 455.5, 'bid_price': 509.25, 'bid_qty': 1040, 'ask_price': 512.35, 'ask_qty': 260, 'prev_oi': 37310.0}, 'option_greeks': {'vega': 8.6189, 'theta': -13.1896, 'gamma': 0.0005, 'delta': 0.7956, 'iv': 18.36, 'pop': 44.92}}, 'put_options': {'instrument_key': 'NSE_FO|71980', 'market_data': {'ltp': 61.15, 'volume': 28149485, 'oi': 1237275.0, 'close_price': 94.05, 'bid_price': 60.75, 'bid_qty': 1820, 'ask_price': 61.15, 'ask_qty': 650, 'prev_oi': 414245.0}, 'option_greeks': {'vega': 8.4848, 'theta': -12.6877, 'gamma': 0.0005, 'delta': -0.1991, 'iv': 17.94, 'pop': 17.46}}}"
success,"{'expiry': '2026-05-26', 'pcr': 7.4439, 'strike_price': 23300.0, 'underlying_key': 'NSE_INDEX|Nifty 50', 'underlying_spot_price': 23659.0, 'call_options': {'instrument_key': 'NSE_FO|71981', 'market_data': {'ltp': 471.65, 'volume': 9652890, 'oi': 621075.0, 'close_price': 415.8, 'bid_price': 468.45, 'bid_qty': 780, 'ask_price': 470.6, 'ask_qty': 520, 'prev_oi': 494520.0}, 'option_greeks': {'vega': 9.0895, 'theta': -13.4533, 'gamma': 0.0006, 'delta': 0.776, 'iv': 17.76, 'pop': 44.36}}, 'put_options': {'instrument_key': 'NSE_FO|71982', 'market_data': {'ltp': 69.9, 'volume': 65945750, 'oi': 4623190.0, 'close_price': 105.6, 'bid_price': 69.75, 'bid_qty': 780, 'ask_price': 70.2, 'ask_qty': 1755, 'prev_oi': 3045380.0}, 'option_greeks': {'vega': 9.0895, 'theta': -13.4533, 'gamma': 0.0006, 'delta': -0.224, 'iv': 17.76, 'pop': 19.24}}}"
success,"{'expiry': '2026-05-26', 'pcr': 9.1616, 'strike_price': 23350.0, 'underlying_key': 'NSE_INDEX|Nifty 50', 'underlying_spot_price': 23659.0, 'call_options': {'instrument_key': 'NSE_FO|72013', 'market_data': {'ltp': 432.15, 'volume': 6040320, 'oi': 210405.0, 'close_price': 378.95, 'bid_price': 430.0, 'bid_qty': 520, 'ask_price': 431.8, 'ask_qty': 520, 'prev_oi': 91845.0}, 'option_greeks': {'vega': 9.6961, 'theta': -14.2709, 'gamma': 0.0006, 'delta': 0.748, 'iv': 17.66, 'pop': 43.51}}, 'put_options': {'instrument_key': 'NSE_FO|72014', 'market_data': {'ltp': 80.2, 'volume': 31145725, 'oi': 1927640.0, 'close_price': 120.6, 'bid_price': 80.05, 'bid_qty': 65, 'ask_price': 80.5, 'ask_qty': 520, 'prev_oi': 504335.0}, 'option_greeks': {'vega': 9.6687, 'theta': -14.1385, 'gamma': 0.0006, 'delta': -0.2506, 'iv': 17.55, 'pop': 21.07}}}"
success,"{'expiry': '2026-05-26', 'pcr': 3.7093, 'strike_price': 23400.0, 'underlying_key': 'NSE_INDEX|Nifty 50', 'underlying_spot_price': 23659.0, 'call_options': {'instrument_key': 'NSE_FO|72015', 'market_data': {'ltp': 391.0, 'volume': 40212120, 'oi': 1525485.0, 'close_price': 346.65, 'bid_price': 391.45, 'bid_qty': 780, 'ask_price': 392.8, 'ask_qty': 455, 'prev_oi': 804700.0}, 'option_greeks': {'vega': 10.2917, 'theta': -15.1934, 'gamma': 0.0006, 'delta': 0.7164, 'iv': 17.72, 'pop': 42.49}}, 'put_options': {'instrument_key': 'NSE_FO|72016', 'market_data': {'ltp': 92.35, 'volume': 90348375, 'oi': 5658445.0, 'close_price': 135.95, 'bid_price': 92.55, 'bid_qty': 910, 'ask_price': 93.0, 'ask_qty': 1040, 'prev_oi': 2584270.0}, 'option_greeks': {'vega': 10.2229, 'theta': -14.7799, 'gamma': 0.0006, 'delta': -0.2797, 'iv': 17.35, 'pop': 22.99}}}"
success,"{'expiry': '2026-05-26', 'pcr': 3.5989, 'strike_price': 23450.0, 'underlying_key': 'NSE_INDEX|Nifty 50', 'underlying_spot_price': 23659.0, 'call_options': {'instrument_key': 'NSE_FO|72019', 'market_data': {'ltp': 354.55, 'volume': 40060475, 'oi': 557245.0, 'close_price': 314.1, 'bid_price': 354.75, 'bid_qty': 195, 'ask_price': 354.8, 'ask_qty': 195, 'prev_oi': 144365.0}, 'option_greeks': {'vega': 10.7773, 'theta': -15.6772, 'gamma': 0.0007, 'delta': 0.6862, 'iv': 17.46, 'pop': 41.46}}, 'put_options': {'instrument_key': 'NSE_FO|72020', 'market_data': {'ltp': 106.0, 'volume': 60946210, 'oi': 2005445.0, 'close_price': 153.0, 'bid_price': 106.35, 'bid_qty': 195, 'ask_price': 106.8, 'ask_qty': 1040, 'prev_oi': 500825.0}, 'option_greeks': {'vega': 10.7417, 'theta': -15.4001, 'gamma': 0.0007, 'delta': -0.3114, 'iv': 17.2, 'pop': 24.98}}}"
success,"{'expiry': '2026-05-26', 'pcr': 2.0311, 'strike_price': 23500.0, 'underlying_key': 'NSE_INDEX|Nifty 50', 'underlying_spot_price': 23659.0, 'call_options': {'instrument_key': 'NSE_FO|72067', 'market_data': {'ltp': 320.7, 'volume': 126301240, 'oi': 3943810.0, 'close_price': 282.3, 'bid_price': 319.25, 'bid_qty': 715, 'ask_price': 320.7, 'ask_qty': 390, 'prev_oi': 2658435.0}, 'option_greeks': {'vega': 11.2218, 'theta': -16.1884, 'gamma': 0.0007, 'delta': 0.6528, 'iv': 17.31, 'pop': 40.28}}, 'put_options': {'instrument_key': 'NSE_FO|72068', 'market_data': {'ltp': 121.0, 'volume': 144274975, 'oi': 8010080.0, 'close_price': 171.35, 'bid_price': 120.25, 'bid_qty': 780, 'ask_price': 120.75, 'ask_qty': 65, 'prev_oi': 4938180.0}, 'option_greeks': {'vega': 11.1976, 'theta': -15.9185, 'gamma': 0.0007, 'delta': -0.3452, 'iv': 17.06, 'pop': 27.0}}}"
success,"{'expiry': '2026-05-26', 'pcr': 2.2285, 'strike_price': 23550.0, 'underlying_key': 'NSE_INDEX|Nifty 50', 'underlying_spot_price': 23659.0, 'call_options': {'instrument_key': 'NSE_FO|72141', 'market_data': {'ltp': 287.05, 'volume': 74050080, 'oi': 831610.0, 'close_price': 251.1, 'bid_price': 287.05, 'bid_qty': 520, 'ask_price': 288.15, 'ask_qty': 650, 'prev_oi': 321880.0}, 'option_greeks': {'vega': 11.5865, 'theta': -16.5008, 'gamma': 0.0007, 'delta': 0.6182, 'iv': 17.09, 'pop': 38.97}}, 'put_options': {'instrument_key': 'NSE_FO|72142', 'market_data': {'ltp': 137.55, 'volume': 61796410, 'oi': 1853280.0, 'close_price': 194.45, 'bid_price': 136.75, 'bid_qty': 520, 'ask_price': 137.5, 'ask_qty': 1170, 'prev_oi': 703300.0}, 'option_greeks': {'vega': 11.571, 'theta': -16.2212, 'gamma': 0.0007, 'delta': -0.3801, 'iv': 16.82, 'pop': 28.97}}}"
success,"{'expiry': '2026-05-26', 'pcr': 1.6348, 'strike_price': 23600.0, 'underlying_key': 'NSE_INDEX|Nifty 50', 'underlying_spot_price': 23659.0, 'call_options': {'instrument_key': 'NSE_FO|72143', 'market_data': {'ltp': 256.35, 'volume': 145555215, 'oi': 3216720.0, 'close_price': 226.0, 'bid_price': 255.6, 'bid_qty': 65, 'ask_price': 256.35, 'ask_qty': 325, 'prev_oi': 2436720.0}, 'option_greeks': {'vega': 11.8688, 'theta': -16.7443, 'gamma': 0.0008, 'delta': 0.5815, 'iv': 16.93, 'pop': 37.51}}, 'put_options': {'instrument_key': 'NSE_FO|72147', 'market_data': {'ltp': 156.1, 'volume': 102364665, 'oi': 5258695.0, 'close_price': 215.75, 'bid_price': 155.65, 'bid_qty': 325, 'ask_price': 156.05, 'ask_qty': 715, 'prev_oi': 3272165.0}, 'option_greeks': {'vega': 11.8602, 'theta': -16.4231, 'gamma': 0.0008, 'delta': -0.4172, 'iv': 16.62, 'pop': 30.96}}}"
success,"{'expiry': '2026-05-26', 'pcr': 1.0904, 'strike_price': 23650.0, 'underlying_key': 'NSE_INDEX|Nifty 50', 'underlying_spot_price': 23659.0, 'call_options': {'instrument_key': 'NSE_FO|72165', 'market_data': {'ltp': 226.2, 'volume': 75571600, 'oi': 1786915.0, 'close_price': 203.85, 'bid_price': 226.2, 'bid_qty': 845, 'ask_price': 227.1, 'ask_qty': 780, 'prev_oi': 1146730.0}, 'option_greeks': {'vega': 12.0504, 'theta': -16.8014, 'gamma': 0.0008, 'delta': 0.5435, 'iv': 16.73, 'pop': 35.92}}, 'put_options': {'instrument_key': 'NSE_FO|72166', 'market_data': {'ltp': 176.25, 'volume': 38466545, 'oi': 1948440.0, 'close_price': 235.75, 'bid_price': 176.2, 'bid_qty': 585, 'ask_price': 176.8, 'ask_qty': 1885, 'prev_oi': 931580.0}, 'option_greeks': {'vega': 12.0485, 'theta': -16.5306, 'gamma': 0.0008, 'delta': -0.456, 'iv': 16.46, 'pop': 32.92}}}"
success,"{'expiry': '2026-05-26', 'pcr': 0.799, 'strike_price': 23700.0, 'underlying_key': 'NSE_INDEX|Nifty 50', 'underlying_spot_price': 23659.0, 'call_options': {'instrument_key': 'NSE_FO|72167', 'market_data': {'ltp': 199.1, 'volume': 106142530, 'oi': 5134740.0, 'close_price': 178.0, 'bid_price': 199.1, 'bid_qty': 8255, 'ask_price': 199.5, 'ask_qty': 780, 'prev_oi': 4961970.0}, 'option_greeks': {'vega': 12.1217, 'theta': -16.7236, 'gamma': 0.0008, 'delta': 0.5042, 'iv': 16.56, 'pop': 34.17}}, 'put_options': {'instrument_key': 'NSE_FO|72168', 'market_data': {'ltp': 199.0, 'volume': 40378780, 'oi': 4102540.0, 'close_price': 263.25, 'bid_price': 198.45, 'bid_qty': 65, 'ask_price': 198.95, 'ask_qty': 1040, 'prev_oi': 3685955.0}, 'option_greeks': {'vega': 12.1218, 'theta': -16.5001, 'gamma': 0.0008, 'delta': -0.4958, 'iv': 16.33, 'pop': 34.82}}}"
success,"{'expiry': '2026-05-26', 'pcr': 0.5465, 'strike_price': 23750.0, 'underlying_key': 'NSE_INDEX|Nifty 50', 'underlying_spot_price': 23659.0, 'call_options': {'instrument_key': 'NSE_FO|72169', 'market_data': {'ltp': 174.15, 'volume': 45322420, 'oi': 1086865.0, 'close_price': 155.1, 'bid_price': 173.5, 'bid_qty': 390, 'ask_price': 174.1, 'ask_qty': 520, 'prev_oi': 1100840.0}, 'option_greeks': {'vega': 12.0742, 'theta': -16.5659, 'gamma': 0.0008, 'delta': 0.4644, 'iv': 16.46, 'pop': 32.28}}, 'put_options': {'instrument_key': 'NSE_FO|72170', 'market_data': {'ltp': 223.05, 'volume': 6844565, 'oi': 593970.0, 'close_price': 293.45, 'bid_price': 223.0, 'bid_qty': 65, 'ask_price': 223.55, 'ask_qty': 1560, 'prev_oi': 449605.0}, 'option_greeks': {'vega': 12.0714, 'theta': -16.186, 'gamma': 0.0008, 'delta': -0.5366, 'iv': 16.09, 'pop': 36.65}}}"
success,"{'expiry': '2026-05-26', 'pcr': 0.4627, 'strike_price': 23800.0, 'underlying_key': 'NSE_INDEX|Nifty 50', 'underlying_spot_price': 23659.0, 'call_options': {'instrument_key': 'NSE_FO|72171', 'market_data': {'ltp': 150.7, 'volume': 75828220, 'oi': 3810430.0, 'close_price': 133.9, 'bid_price': 150.3, 'bid_qty': 520, 'ask_price': 151.0, 'ask_qty': 780, 'prev_oi': 3029325.0}, 'option_greeks': {'vega': 11.902, 'theta': -16.1253, 'gamma': 0.0008, 'delta': 0.424, 'iv': 16.26, 'pop': 30.26}}, 'put_options': {'instrument_key': 'NSE_FO|72172', 'market_data': {'ltp': 250.55, 'volume': 11609195, 'oi': 1763255.0, 'close_price': 324.05, 'bid_price': 249.55, 'bid_qty': 260, 'ask_price': 250.35, 'ask_qty': 1430, 'prev_oi': 1658540.0}, 'option_greeks': {'vega': 11.8946, 'theta': -15.8733, 'gamma': 0.0008, 'delta': -0.5772, 'iv': 16.01, 'pop': 38.35}}}"
success,"{'expiry': '2026-05-26', 'pcr': 0.5159, 'strike_price': 23850.0, 'underlying_key': 'NSE_INDEX|Nifty 50', 'underlying_spot_price': 23659.0, 'call_options': {'instrument_key': 'NSE_FO|72173', 'market_data': {'ltp': 129.3, 'volume': 38126140, 'oi': 826085.0, 'close_price': 115.3, 'bid_price': 128.65, 'bid_qty': 65, 'ask_price': 129.3, 'ask_qty': 455, 'prev_oi': 625820.0}, 'option_greeks': {'vega': 11.6035, 'theta': -15.5438, 'gamma': 0.0008, 'delta': 0.3837, 'iv': 16.08, 'pop': 28.12}}, 'put_options': {'instrument_key': 'NSE_FO|72174', 'market_data': {'ltp': 279.0, 'volume': 1793740, 'oi': 426205.0, 'close_price': 353.95, 'bid_price': 277.9, 'bid_qty': 65, 'ask_price': 278.95, 'ask_qty': 780, 'prev_oi': 420225.0}, 'option_greeks': {'vega': 11.585, 'theta': -15.2613, 'gamma': 0.0008, 'delta': -0.6184, 'iv': 15.81, 'pop': 39.98}}}"
success,"{'expiry': '2026-05-26', 'pcr': 0.2296, 'strike_price': 23900.0, 'underlying_key': 'NSE_INDEX|Nifty 50', 'underlying_spot_price': 23659.0, 'call_options': {'instrument_key': 'NSE_FO|72175', 'market_data': {'ltp': 109.5, 'volume': 60711040, 'oi': 3023865.0, 'close_price': 97.35, 'bid_price': 109.0, 'bid_qty': 2795, 'ask_price': 109.6, 'ask_qty': 650, 'prev_oi': 2398760.0}, 'option_greeks': {'vega': 11.1858, 'theta': -14.8563, 'gamma': 0.0008, 'delta': 0.3442, 'iv': 15.94, 'pop': 25.9}}, 'put_options': {'instrument_key': 'NSE_FO|72176', 'market_data': {'ltp': 306.7, 'volume': 2631590, 'oi': 694265.0, 'close_price': 385.65, 'bid_price': 307.75, 'bid_qty': 65, 'ask_price': 309.05, 'ask_qty': 910, 'prev_oi': 639275.0}, 'option_greeks': {'vega': 11.1703, 'theta': -14.7149, 'gamma': 0.0008, 'delta': -0.6571, 'iv': 15.81, 'pop': 41.42}}}"
success,"{'expiry': '2026-05-26', 'pcr': 0.1637, 'strike_price': 23950.0, 'underlying_key': 'NSE_INDEX|Nifty 50', 'underlying_spot_price': 23659.0, 'call_options': {'instrument_key': 'NSE_FO|72177', 'market_data': {'ltp': 92.6, 'volume': 30950335, 'oi': 747955.0, 'close_price': 83.65, 'bid_price': 92.05, 'bid_qty': 65, 'ask_price': 92.55, 'ask_qty': 650, 'prev_oi': 543400.0}, 'option_greeks': {'vega': 10.6599, 'theta': -14.0562, 'gamma': 0.0007, 'delta': 0.306, 'iv': 15.82, 'pop': 23.62}}, 'put_options': {'instrument_key': 'NSE_FO|72178', 'market_data': {'ltp': 341.0, 'volume': 464360, 'oi': 122460.0, 'close_price': 421.65, 'bid_price': 341.0, 'bid_qty': 455, 'ask_price': 342.5, 'ask_qty': 1560, 'prev_oi': 87360.0}, 'option_greeks': {'vega': 10.6078, 'theta': -13.7379, 'gamma': 0.0007, 'delta': -0.6973, 'iv': 15.54, 'pop': 42.81}}}"
success,"{'expiry': '2026-05-26', 'pcr': 0.4103, 'strike_price': 24000.0, 'underlying_key': 'NSE_INDEX|Nifty 50', 'underlying_spot_price': 23659.0, 'call_options': {'instrument_key': 'NSE_FO|72179', 'market_data': {'ltp': 77.15, 'volume': 106768415, 'oi': 8947185.0, 'close_price': 71.1, 'bid_price': 76.8, 'bid_qty': 1040, 'ask_price': 77.25, 'ask_qty': 650, 'prev_oi': 8379280.0}, 'option_greeks': {'vega': 10.0407, 'theta': -13.1567, 'gamma': 0.0007, 'delta': 0.2697, 'iv': 15.72, 'pop': 21.33}}, 'put_options': {'instrument_key': 'NSE_FO|72180', 'market_data': {'ltp': 375.9, 'volume': 5671770, 'oi': 3671135.0, 'close_price': 457.15, 'bid_price': 375.85, 'bid_qty': 130, 'ask_price': 377.05, 'ask_qty': 1495, 'prev_oi': 4216745.0}, 'option_greeks': {'vega': 9.9748, 'theta': -12.8548, 'gamma': 0.0007, 'delta': -0.7338, 'iv': 15.46, 'pop': 44.01}}}"
success,"{'expiry': '2026-05-26', 'pcr': 0.143, 'strike_price': 24050.0, 'underlying_key': 'NSE_INDEX|Nifty 50', 'underlying_spot_price': 23659.0, 'call_options': {'instrument_key': 'NSE_FO|72181', 'market_data': {'ltp': 64.1, 'volume': 30957225, 'oi': 1100125.0, 'close_price': 60.15, 'bid_price': 63.7, 'bid_qty': 455, 'ask_price': 64.05, 'ask_qty': 585, 'prev_oi': 2200705.0}, 'option_greeks': {'vega': 9.3328, 'theta': -12.1283, 'gamma': 0.0006, 'delta': 0.2348, 'iv': 15.59, 'pop': 19.03}}, 'put_options': {'instrument_key': 'NSE_FO|72182', 'market_data': {'ltp': 414.9, 'volume': 169325, 'oi': 157300.0, 'close_price': 496.8, 'bid_price': 412.35, 'bid_qty': 520, 'ask_price': 415.7, 'ask_qty': 520, 'prev_oi': 147355.0}, 'option_greeks': {'vega': 9.2322, 'theta': -11.7628, 'gamma': 0.0007, 'delta': -0.7698, 'iv': 15.29, 'pop': 45.1}}}"
success,"{'expiry': '2026-05-26', 'pcr': 0.2284, 'strike_price': 24100.0, 'underlying_key': 'NSE_INDEX|Nifty 50', 'underlying_spot_price': 23659.0, 'call_options': {'instrument_key': 'NSE_FO|72183', 'market_data': {'ltp': 52.25, 'volume': 49394865, 'oi': 3398720.0, 'close_price': 49.05, 'bid_price': 52.0, 'bid_qty': 780, 'ask_price': 52.25, 'ask_qty': 65, 'prev_oi': 3316495.0}, 'option_greeks': {'vega': 8.5632, 'theta': -11.041, 'gamma': 0.0006, 'delta': 0.2022, 'iv': 15.47, 'pop': 16.76}}, 'put_options': {'instrument_key': 'NSE_FO|72184', 'market_data': {'ltp': 449.6, 'volume': 676780, 'oi': 776165.0, 'close_price': 531.4, 'bid_price': 449.15, 'bid_qty': 520, 'ask_price': 451.7, 'ask_qty': 520, 'prev_oi': 784290.0}, 'option_greeks': {'vega': 8.3049, 'theta': -10.275, 'gamma': 0.0006, 'delta': -0.8078, 'iv': 14.85, 'pop': 46.18}}}"
success,"{'expiry': '2026-05-26', 'pcr': 0.1784, 'strike_price': 24150.0, 'underlying_key': 'NSE_INDEX|Nifty 50', 'underlying_spot_price': 23659.0, 'call_options': {'instrument_key': 'NSE_FO|72185', 'market_data': {'ltp': 42.7, 'volume': 25785435, 'oi': 939315.0, 'close_price': 41.6, 'bid_price': 42.4, 'bid_qty': 845, 'ask_price': 42.65, 'ask_qty': 1040, 'prev_oi': 651430.0}, 'option_greeks': {'vega': 7.7713, 'theta': -9.9706, 'gamma': 0.0005, 'delta': 0.1728, 'iv': 15.4, 'pop': 14.62}}, 'put_options': {'instrument_key': 'NSE_FO|72186', 'market_data': {'ltp': 494.55, 'volume': 60775, 'oi': 167570.0, 'close_price': 571.2, 'bid_price': 486.45, 'bid_qty': 65, 'ask_price': 497.7, 'ask_qty': 130, 'prev_oi': 162370.0}, 'option_greeks': {'vega': 7.861, 'theta': -10.2156, 'gamma': 0.0005, 'delta': -0.824, 'iv': 15.59, 'pop': 46.65}}}"
success,"{'expiry': '2026-05-26', 'pcr': 0.2335, 'strike_price': 24200.0, 'underlying_key': 'NSE_INDEX|Nifty 50', 'underlying_spot_price': 23659.0, 'call_options': {'instrument_key': 'NSE_FO|72187', 'market_data': {'ltp': 34.6, 'volume': 57109000, 'oi': 4104555.0, 'close_price': 34.05, 'bid_price': 34.5, 'bid_qty': 845, 'ask_price': 34.7, 'ask_qty': 520, 'prev_oi': 3782740.0}, 'option_greeks': {'vega': 6.9783, 'theta': -8.9265, 'gamma': 0.0005, 'delta': 0.1466, 'iv': 15.35, 'pop': 12.63}}, 'put_options': {'instrument_key': 'NSE_FO|72188', 'market_data': {'ltp': 531.6, 'volume': 684840, 'oi': 958555.0, 'close_price': 624.75, 'bid_price': 532.55, 'bid_qty': 325, 'ask_price': 534.9, 'ask_qty': 1040, 'prev_oi': 1038115.0}, 'option_greeks': {'vega': 6.595, 'theta': -8.0421, 'gamma': 0.0005, 'delta': -0.8651, 'iv': 14.63, 'pop': 47.68}}}"
success,"{'expiry': '2026-05-26', 'pcr': 0.0833, 'strike_price': 24250.0, 'underlying_key': 'NSE_INDEX|Nifty 50', 'underlying_spot_price': 23659.0, 'call_options': {'instrument_key': 'NSE_FO|72237', 'market_data': {'ltp': 27.75, 'volume': 22546745, 'oi': 859365.0, 'close_price': 28.1, 'bid_price': 27.75, 'bid_qty': 585, 'ask_price': 28.1, 'ask_qty': 1105, 'prev_oi': 648245.0}, 'option_greeks': {'vega': 6.1905, 'theta': -7.8952, 'gamma': 0.0004, 'delta': 0.1232, 'iv': 15.3, 'pop': 10.79}}, 'put_options': {'instrument_key': 'NSE_FO|72238', 'market_data': {'ltp': 580.9, 'volume': 78975, 'oi': 71565.0, 'close_price': 664.8, 'bid_price': 570.65, 'bid_qty': 65, 'ask_price': 582.75, 'ask_qty': 520, 'prev_oi': 72995.0}, 'option_greeks': {'vega': 6.4294, 'theta': -8.437, 'gamma': 0.0004, 'delta': -0.87, 'iv': 15.75, 'pop': 47.83}}}"
success,"{'expiry': '2026-05-26', 'pcr': 0.2157, 'strike_price': 24300.0, 'underlying_key': 'NSE_INDEX|Nifty 50', 'underlying_spot_price': 23659.0, 'call_options': {'instrument_key': 'NSE_FO|72239', 'market_data': {'ltp': 22.35, 'volume': 39266240, 'oi': 4650425.0, 'close_price': 23.05, 'bid_price': 22.1, 'bid_qty': 1040, 'ask_price': 22.35, 'ask_qty': 520, 'prev_oi': 4214535.0}, 'option_greeks': {'vega': 5.4599, 'theta': -6.9703, 'gamma': 0.0004, 'delta': 0.1033, 'iv': 15.32, 'pop': 9.17}}, 'put_options': {'instrument_key': 'NSE_FO|72240', 'market_data': {'ltp': 620.0, 'volume': 293215, 'oi': 1003015.0, 'close_price': 708.55, 'bid_price': 620.0, 'bid_qty': 65, 'ask_price': 623.1, 'ask_qty': 1300, 'prev_oi': 1026480.0}, 'option_greeks': {'vega': 5.1533, 'theta': -6.3562, 'gamma': 0.0004, 'delta': -0.9046, 'iv': 14.8, 'pop': 48.6}}}"
success,"{'expiry': '2026-05-26', 'pcr': 0.0811, 'strike_price': 24350.0, 'underlying_key': 'NSE_INDEX|Nifty 50', 'underlying_spot_price': 23659.0, 'call_options': {'instrument_key': 'NSE_FO|72241', 'market_data': {'ltp': 17.8, 'volume': 17940975, 'oi': 982345.0, 'close_price': 19.15, 'bid_price': 17.8, 'bid_qty': 260, 'ask_price': 18.0, 'ask_qty': 2340, 'prev_oi': 714805.0}, 'option_greeks': {'vega': 4.7578, 'theta': -6.074, 'gamma': 0.0003, 'delta': 0.0857, 'iv': 15.32, 'pop': 7.7}}, 'put_options': {'instrument_key': 'NSE_FO|72242', 'market_data': {'ltp': 670.8, 'volume': 19370, 'oi': 79625.0, 'close_price': 758.2, 'bid_price': 661.4, 'bid_qty': 65, 'ask_price': 672.9, 'ask_qty': 390, 'prev_oi': 78195.0}, 'option_greeks': {'vega': 5.0663, 'theta': -6.6934, 'gamma': 0.0003, 'delta': -0.9067, 'iv': 15.85, 'pop': 48.68}}}"
success,"{'expiry': '2026-05-26', 'pcr': 0.2073, 'strike_price': 24400.0, 'underlying_key': 'NSE_INDEX|Nifty 50', 'underlying_spot_price': 23659.0, 'call_options': {'instrument_key': 'NSE_FO|72243', 'market_data': {'ltp': 14.3, 'volume': 29191890, 'oi': 3311295.0, 'close_price': 15.65, 'bid_price': 14.3, 'bid_qty': 910, 'ask_price': 14.35, 'ask_qty': 975, 'prev_oi': 2209155.0}, 'option_greeks': {'vega': 4.0931, 'theta': -5.2202, 'gamma': 0.0003, 'delta': 0.0703, 'iv': 15.3, 'pop': 6.39}}, 'put_options': {'instrument_key': 'NSE_FO|72247', 'market_data': {'ltp': 710.9, 'volume': 156975, 'oi': 686400.0, 'close_price': 801.85, 'bid_price': 707.85, 'bid_qty': 130, 'ask_price': 716.0, 'ask_qty': 780, 'prev_oi': 704730.0}, 'option_greeks': {'vega': 3.5519, 'theta': -4.2635, 'gamma': 0.0003, 'delta': -0.9414, 'iv': 14.4, 'pop': 49.37}}}"
success,"{'expiry': '2026-05-26', 'pcr': 0.0457, 'strike_price': 24450.0, 'underlying_key': 'NSE_INDEX|Nifty 50', 'underlying_spot_price': 23659.0, 'call_options': {'instrument_key': 'NSE_FO|72273', 'market_data': {'ltp': 11.5, 'volume': 14326910, 'oi': 805675.0, 'close_price': 13.15, 'bid_price': 11.4, 'bid_qty': 585, 'ask_price': 11.6, 'ask_qty': 1560, 'prev_oi': 553280.0}, 'option_greeks': {'vega': 3.5171, 'theta': -4.499, 'gamma': 0.0002, 'delta': 0.0578, 'iv': 15.35, 'pop': 5.3}}, 'put_options': {'instrument_key': 'NSE_FO|72274', 'market_data': {'ltp': 796.25, 'volume': 2080, 'oi': 36790.0, 'close_price': 837.8, 'bid_price': 753.1, 'bid_qty': 195, 'ask_price': 764.9, 'ask_qty': 130, 'prev_oi': 37180.0}, 'option_greeks': {'vega': 6.6963, 'theta': -12.2869, 'gamma': 0.0003, 'delta': -0.862, 'iv': 22.02, 'pop': 47.8}}}"
success,"{'expiry': '2026-05-26', 'pcr': 0.3153, 'strike_price': 24500.0, 'underlying_key': 'NSE_INDEX|Nifty 50', 'underlying_spot_price': 23659.0, 'call_options': {'instrument_key': 'NSE_FO|72275', 'market_data': {'ltp': 9.5, 'volume': 49372765, 'oi': 8993140.0, 'close_price': 10.95, 'bid_price': 9.5, 'bid_qty': 19500, 'ask_price': 9.55, 'ask_qty': 3510, 'prev_oi': 6937190.0}, 'option_greeks': {'vega': 3.0719, 'theta': -3.9764, 'gamma': 0.0002, 'delta': 0.0488, 'iv': 15.53, 'pop': 4.49}}, 'put_options': {'instrument_key': 'NSE_FO|72276', 'market_data': {'ltp': 806.6, 'volume': 396565, 'oi': 2835690.0, 'close_price': 896.55, 'bid_price': 803.9, 'bid_qty': 130, 'ask_price': 810.3, 'ask_qty': 520, 'prev_oi': 2924350.0}, 'option_greeks': {'vega': 2.5, 'theta': -3.02, 'gamma': 0.0002, 'delta': -0.9622, 'iv': 14.5, 'pop': 49.77}}}"
success,"{'expiry': '2026-05-26', 'pcr': 0.0165, 'strike_price': 24550.0, 'underlying_key': 'NSE_INDEX|Nifty 50', 'underlying_spot_price': 23659.0, 'call_options': {'instrument_key': 'NSE_FO|72280', 'market_data': {'ltp': 7.45, 'volume': 14165255, 'oi': 793780.0, 'close_price': 9.2, 'bid_price': 7.45, 'bid_qty': 2015, 'ask_price': 7.55, 'ask_qty': 1170, 'prev_oi': 499915.0}, 'option_greeks': {'vega': 2.6108, 'theta': -3.3928, 'gamma': 0.0002, 'delta': 0.0399, 'iv': 15.59, 'pop': 3.69}}, 'put_options': {'instrument_key': 'NSE_FO|72281', 'market_data': {'ltp': 871.85, 'volume': 1625, 'oi': 13065.0, 'close_price': 944.1, 'bid_price': 849.65, 'bid_qty': 130, 'ask_price': 862.2, 'ask_qty': 130, 'prev_oi': 13130.0}, 'option_greeks': {'vega': 4.584, 'theta': -7.4609, 'gamma': 0.0003, 'delta': -0.9184, 'iv': 19.53, 'pop': 49.03}}}"
success,"{'expiry': '2026-05-26', 'pcr': 0.3268, 'strike_price': 24600.0, 'underlying_key': 'NSE_INDEX|Nifty 50', 'underlying_spot_price': 23659.0, 'call_options': {'instrument_key': 'NSE_FO|72282', 'market_data': {'ltp': 6.2, 'volume': 20173985, 'oi': 2551185.0, 'close_price': 7.8, 'bid_price': 6.1, 'bid_qty': 1235, 'ask_price': 6.2, 'ask_qty': 780, 'prev_oi': 2581995.0}, 'option_greeks': {'vega': 2.2472, 'theta': -2.9488, 'gamma': 0.0002, 'delta': 0.0332, 'iv': 15.75, 'pop': 3.08}}, 'put_options': {'instrument_key': 'NSE_FO|72283', 'market_data': {'ltp': 916.3, 'volume': 66560, 'oi': 833690.0, 'close_price': 996.15, 'bid_price': 899.8, 'bid_qty': 260, 'ask_price': 909.35, 'ask_qty': 130, 'prev_oi': 853515.0}, 'option_greeks': {'vega': 3.8514, 'theta': -6.1118, 'gamma': 0.0002, 'delta': -0.935, 'iv': 19.04, 'pop': 49.36}}}"
success,"{'expiry': '2026-05-26', 'pcr': 0.0252, 'strike_price': 24650.0, 'underlying_key': 'NSE_INDEX|Nifty 50', 'underlying_spot_price': 23659.0, 'call_options': {'instrument_key': 'NSE_FO|72284', 'market_data': {'ltp': 4.95, 'volume': 7873450, 'oi': 798460.0, 'close_price': 6.6, 'bid_price': 5.0, 'bid_qty': 65, 'ask_price': 5.1, 'ask_qty': 1365, 'prev_oi': 436670.0}, 'option_greeks': {'vega': 1.9136, 'theta': -2.5306, 'gamma': 0.0001, 'delta': 0.0273, 'iv': 15.87, 'pop': 2.55}}, 'put_options': {'instrument_key': 'NSE_FO|72285', 'market_data': {'ltp': 956.9, 'volume': 1690, 'oi': 20150.0, 'close_price': 1041.1, 'bid_price': 947.85, 'bid_qty': 130, 'ask_price': 958.75, 'ask_qty': 65, 'prev_oi': 20150.0}, 'option_greeks': {'vega': 2.3326, 'theta': -3.2626, 'gamma': 0.0002, 'delta': -0.9653, 'iv': 16.78, 'pop': 49.89}}}"
success,"{'expiry': '2026-05-26', 'pcr': 0.0643, 'strike_price': 24700.0, 'underlying_key': 'NSE_INDEX|Nifty 50', 'underlying_spot_price': 23659.0, 'call_options': {'instrument_key': 'NSE_FO|72286', 'market_data': {'ltp': 4.1, 'volume': 26267475, 'oi': 2991235.0, 'close_price': 5.8, 'bid_price': 4.1, 'bid_qty': 1625, 'ask_price': 4.2, 'ask_qty': 3185, 'prev_oi': 3367975.0}, 'option_greeks': {'vega': 1.6479, 'theta': -2.2043, 'gamma': 0.0001, 'delta': 0.0229, 'iv': 16.05, 'pop': 2.14}}, 'put_options': {'instrument_key': 'NSE_FO|72287', 'market_data': {'ltp': 1005.55, 'volume': 104650, 'oi': 192335.0, 'close_price': 1091.55, 'bid_price': 997.15, 'bid_qty': 65, 'ask_price': 1007.45, 'ask_qty': 130, 'prev_oi': 231270.0}, 'option_greeks': {'vega': 1.9836, 'theta': -2.7846, 'gamma': 0.0001, 'delta': -0.9715, 'iv': 16.85, 'pop': 50.0}}}"
success,"{'expiry': '2026-05-26', 'pcr': 0.0466, 'strike_price': 24750.0, 'underlying_key': 'NSE_INDEX|Nifty 50', 'underlying_spot_price': 23659.0, 'call_options': {'instrument_key': 'NSE_FO|72288', 'market_data': {'ltp': 3.65, 'volume': 4905615, 'oi': 393575.0, 'close_price': 4.95, 'bid_price': 3.5, 'bid_qty': 780, 'ask_price': 3.6, 'ask_qty': 1755, 'prev_oi': 489645.0}, 'option_greeks': {'vega': 1.4628, 'theta': -1.994, 'gamma': 0.0001, 'delta': 0.0199, 'iv': 16.36, 'pop': 1.86}}, 'put_options': {'instrument_key': 'NSE_FO|72289', 'market_data': {'ltp': 1082.5, 'volume': 1300, 'oi': 18330.0, 'close_price': 1147.85, 'bid_price': 1036.45, 'bid_qty': 130, 'ask_price': 1058.4, 'ask_qty': 65, 'prev_oi': 18525.0}, 'option_greeks': {'vega': 5.0271, 'theta': -10.5472, 'gamma': 0.0002, 'delta': -0.9077, 'iv': 25.18, 'pop': 48.95}}}"
success,"{'expiry': '2026-05-26', 'pcr': 0.1011, 'strike_price': 24800.0, 'underlying_key': 'NSE_INDEX|Nifty 50', 'underlying_spot_price': 23659.0, 'call_options': {'instrument_key': 'NSE_FO|72290', 'market_data': {'ltp': 3.0, 'volume': 18413720, 'oi': 2783495.0, 'close_price': 4.5, 'bid_price': 3.0, 'bid_qty': 3315, 'ask_price': 3.05, 'ask_qty': 3510, 'prev_oi': 3682250.0}, 'option_greeks': {'vega': 1.2791, 'theta': -1.7695, 'gamma': 0.0001, 'delta': 0.017, 'iv': 16.6, 'pop': 1.59}}, 'put_options': {'instrument_key': 'NSE_FO|72291', 'market_data': {'ltp': 1120.15, 'volume': 141895, 'oi': 281385.0, 'close_price': 1185.45, 'bid_price': 1097.25, 'bid_qty': 260, 'ask_price': 1105.25, 'ask_qty': 65, 'prev_oi': 370890.0}, 'option_greeks': {'vega': 3.8958, 'theta': -7.5494, 'gamma': 0.0002, 'delta': -0.9341, 'iv': 23.25, 'pop': 49.46}}}"
success,"{'expiry': '2026-05-26', 'pcr': 0.0198, 'strike_price': 24850.0, 'underlying_key': 'NSE_INDEX|Nifty 50', 'underlying_spot_price': 23659.0, 'call_options': {'instrument_key': 'NSE_FO|72292', 'market_data': {'ltp': 2.7, 'volume': 4418765, 'oi': 572650.0, 'close_price': 3.9, 'bid_price': 2.6, 'bid_qty': 2600, 'ask_price': 2.7, 'ask_qty': 1105, 'prev_oi': 392600.0}, 'option_greeks': {'vega': 1.1581, 'theta': -1.6375, 'gamma': 0.0001, 'delta': 0.0151, 'iv': 16.97, 'pop': 1.41}}, 'put_options': {'instrument_key': 'NSE_FO|72293', 'market_data': {'ltp': 1187.1, 'volume': 910, 'oi': 11310.0, 'close_price': 1270.0, 'bid_price': 1128.45, 'bid_qty': 130, 'ask_price': 1157.6, 'ask_qty': 130, 'prev_oi': 11635.0}, 'option_greeks': {'vega': 5.1398, 'theta': -11.9208, 'gamma': 0.0002, 'delta': -0.9049, 'iv': 27.83, 'pop': 48.96}}}"
success,"{'expiry': '2026-05-26', 'pcr': 0.0566, 'strike_price': 24900.0, 'underlying_key': 'NSE_INDEX|Nifty 50', 'underlying_spot_price': 23659.0, 'call_options': {'instrument_key': 'NSE_FO|72294', 'market_data': {'ltp': 2.25, 'volume': 9176505, 'oi': 1480765.0, 'close_price': 3.3, 'bid_price': 2.25, 'bid_qty': 130, 'ask_price': 2.3, 'ask_qty': 1885, 'prev_oi': 1555060.0}, 'option_greeks': {'vega': 0.9792, 'theta': -1.3945, 'gamma': 0.0001, 'delta': 0.0124, 'iv': 17.09, 'pop': 1.16}}, 'put_options': {'instrument_key': 'NSE_FO|72295', 'market_data': {'ltp': 1206.0, 'volume': 8190, 'oi': 83850.0, 'close_price': 1290.25, 'bid_price': 1190.0, 'bid_qty': 65, 'ask_price': 1222.9, 'ask_qty': 780, 'prev_oi': 86775.0}, 'option_greeks': {'vega': 1.8629, 'theta': -3.07, 'gamma': 0.0001, 'delta': -0.9735, 'iv': 19.78, 'pop': 50.11}}}"
success,"{'expiry': '2026-05-26', 'pcr': 0.0114, 'strike_price': 24950.0, 'underlying_key': 'NSE_INDEX|Nifty 50', 'underlying_spot_price': 23659.0, 'call_options': {'instrument_key': 'NSE_FO|72296', 'market_data': {'ltp': 2.15, 'volume': 2844465, 'oi': 502255.0, 'close_price': 3.0, 'bid_price': 2.05, 'bid_qty': 2470, 'ask_price': 2.2, 'ask_qty': 5460, 'prev_oi': 315640.0}, 'option_greeks': {'vega': 0.9568, 'theta': -1.4113, 'gamma': 0.0001, 'delta': 0.0121, 'iv': 17.7, 'pop': 1.13}}, 'put_options': {'instrument_key': 'NSE_FO|72297', 'market_data': {'ltp': 1270.0, 'volume': 130, 'oi': 5720.0, 'close_price': 1344.8, 'bid_price': 1225.7, 'bid_qty': 780, 'ask_price': 1275.4, 'ask_qty': 780, 'prev_oi': 5785.0}, 'option_greeks': {'vega': 2.9913, 'theta': -5.9487, 'gamma': 0.0001, 'delta': -0.9528, 'iv': 23.86, 'pop': 49.84}}}"
success,"{'expiry': '2026-05-26', 'pcr': 0.1961, 'strike_price': 25000.0, 'underlying_key': 'NSE_INDEX|Nifty 50', 'underlying_spot_price': 23659.0, 'call_options': {'instrument_key': 'NSE_FO|72298', 'market_data': {'ltp': 1.9, 'volume': 27765270, 'oi': 8741460.0, 'close_price': 2.7, 'bid_price': 1.85, 'bid_qty': 19825, 'ask_price': 1.9, 'ask_qty': 22490, 'prev_oi': 7785570.0}, 'option_greeks': {'vega': 0.842, 'theta': -1.259, 'gamma': 0.0001, 'delta': 0.0105, 'iv': 17.94, 'pop': 0.97}}, 'put_options': {'instrument_key': 'NSE_FO|72299', 'market_data': {'ltp': 1300.0, 'volume': 176930, 'oi': 1714375.0, 'close_price': 1388.8, 'bid_price': 1296.6, 'bid_qty': 520, 'ask_price': 1302.85, 'ask_qty': 520, 'prev_oi': 1806090.0}, 'option_greeks': {'vega': 0.0, 'theta': 0.0, 'gamma': 0.0, 'delta': -1.0, 'iv': 7.81, 'pop': 50.2}}}"
success,"{'expiry': '2026-05-26', 'pcr': 0.0026, 'strike_price': 25050.0, 'underlying_key': 'NSE_INDEX|Nifty 50', 'underlying_spot_price': 23659.0, 'call_options': {'instrument_key': 'NSE_FO|72300', 'market_data': {'ltp': 1.55, 'volume': 2944565, 'oi': 843245.0, 'close_price': 2.3, 'bid_price': 1.6, 'bid_qty': 65, 'ask_price': 1.65, 'ask_qty': 1755, 'prev_oi': 376675.0}, 'option_greeks': {'vega': 0.7137, 'theta': -1.0745, 'gamma': 0.0, 'delta': 0.0087, 'iv': 18.07, 'pop': 0.81}}, 'put_options': {'instrument_key': 'NSE_FO|72301', 'market_data': {'ltp': 1360.0, 'volume': 0, 'oi': 2210.0, 'close_price': 1360.0, 'bid_price': 1303.8, 'bid_qty': 2535, 'ask_price': 1374.65, 'ask_qty': 65, 'prev_oi': 2210.0}, 'option_greeks': {'vega': 2.2218, 'theta': -4.3111, 'gamma': 0.0001, 'delta': -0.9673, 'iv': 23.28, 'pop': 50.09}}}"
success,"{'expiry': '2026-05-26', 'pcr': 0.0248, 'strike_price': 25100.0, 'underlying_key': 'NSE_INDEX|Nifty 50', 'underlying_spot_price': 23659.0, 'call_options': {'instrument_key': 'NSE_FO|72302', 'market_data': {'ltp': 1.45, 'volume': 7129655, 'oi': 2161185.0, 'close_price': 2.0, 'bid_price': 1.4, 'bid_qty': 2405, 'ask_price': 1.45, 'ask_qty': 4095, 'prev_oi': 1671605.0}, 'option_greeks': {'vega': 0.6537, 'theta': -1.0041, 'gamma': 0.0, 'delta': 0.0078, 'iv': 18.43, 'pop': 0.73}}, 'put_options': {'instrument_key': 'NSE_FO|72303', 'market_data': {'ltp': 1430.0, 'volume': 1560, 'oi': 53690.0, 'close_price': 1475.95, 'bid_price': 1389.85, 'bid_qty': 65, 'ask_price': 1407.55, 'ask_qty': 65, 'prev_oi': 54080.0}, 'option_greeks': {'vega': 4.2445, 'theta': -10.7835, 'gamma': 0.0002, 'delta': -0.9263, 'iv': 30.49, 'pop': 49.49}}}"
success,"{'expiry': '2026-05-26', 'pcr': 0.0021, 'strike_price': 25150.0, 'underlying_key': 'NSE_INDEX|Nifty 50', 'underlying_spot_price': 23659.0, 'call_options': {'instrument_key': 'NSE_FO|72304', 'market_data': {'ltp': 1.4, 'volume': 1215435, 'oi': 370760.0, 'close_price': 1.8, 'bid_price': 1.4, 'bid_qty': 3315, 'ask_price': 1.6, 'ask_qty': 780, 'prev_oi': 281970.0}, 'option_greeks': {'vega': 0.6241, 'theta': -0.9841, 'gamma': 0.0, 'delta': 0.0074, 'iv': 18.92, 'pop': 0.69}}, 'put_options': {'instrument_key': 'NSE_FO|72305', 'market_data': {'ltp': 1371.0, 'volume': 0, 'oi': 780.0, 'close_price': 1371.0, 'bid_price': 1394.65, 'bid_qty': 780, 'ask_price': 1476.65, 'ask_qty': 780, 'prev_oi': 715.0}, 'option_greeks': {'vega': 0.0, 'theta': 0.0, 'gamma': 0.0, 'delta': -1.0, 'iv': 0.0, 'pop': 99.0}}}"
success,"{'expiry': '2026-05-26', 'pcr': 0.032, 'strike_price': 25200.0, 'underlying_key': 'NSE_INDEX|Nifty 50', 'underlying_spot_price': 23659.0, 'call_options': {'instrument_key': 'NSE_FO|72306', 'market_data': {'ltp': 1.4, 'volume': 3822455, 'oi': 1809795.0, 'close_price': 1.55, 'bid_price': 1.4, 'bid_qty': 8125, 'ask_price': 1.5, 'ask_qty': 520, 'prev_oi': 1858545.0}, 'option_greeks': {'vega': 0.6205, 'theta': -1.0099, 'gamma': 0.0, 'delta': 0.0074, 'iv': 19.53, 'pop': 0.68}}, 'put_options': {'instrument_key': 'NSE_FO|72307', 'market_data': {'ltp': 1500.0, 'volume': 2535, 'oi': 57850.0, 'close_price': 1585.05, 'bid_price': 1490.95, 'bid_qty': 130, 'ask_price': 1503.75, 'ask_qty': 130, 'prev_oi': 58890.0}, 'option_greeks': {'vega': 0.0, 'theta': 0.0, 'gamma': 0.0, 'delta': -1.0, 'iv': 7.81, 'pop': 50.2}}}"
success,"{'expiry': '2026-05-26', 'pcr': 0.003, 'strike_price': 25250.0, 'underlying_key': 'NSE_INDEX|Nifty 50', 'underlying_spot_price': 23659.0, 'call_options': {'instrument_key': 'NSE_FO|72308', 'market_data': {'ltp': 1.3, 'volume': 1448655, 'oi': 546455.0, 'close_price': 1.55, 'bid_price': 1.25, 'bid_qty': 5785, 'ask_price': 1.45, 'ask_qty': 1755, 'prev_oi': 459355.0}, 'option_greeks': {'vega': 0.5731, 'theta': -0.9503, 'gamma': 0.0, 'delta': 0.0067, 'iv': 19.9, 'pop': 0.62}}, 'put_options': {'instrument_key': 'NSE_FO|72309', 'market_data': {'ltp': 1505.0, 'volume': 0, 'oi': 1625.0, 'close_price': 1505.0, 'bid_price': 1494.1, 'bid_qty': 390, 'ask_price': 1573.25, 'ask_qty': 780, 'prev_oi': 1625.0}, 'option_greeks': {'vega': 0.0, 'theta': 0.0, 'gamma': 0.0, 'delta': -1.0, 'iv': 0.0, 'pop': 99.0}}}"
success,"{'expiry': '2026-05-26', 'pcr': 0.0399, 'strike_price': 25300.0, 'underlying_key': 'NSE_INDEX|Nifty 50', 'underlying_spot_price': 23659.0, 'call_options': {'instrument_key': 'NSE_FO|72310', 'market_data': {'ltp': 1.25, 'volume': 3090490, 'oi': 1253590.0, 'close_price': 1.3, 'bid_price': 1.25, 'bid_qty': 130, 'ask_price': 1.4, 'ask_qty': 3055, 'prev_oi': 1181375.0}, 'option_greeks': {'vega': 0.5718, 'theta': -0.9771, 'gamma': 0.0, 'delta': 0.0067, 'iv': 20.51, 'pop': 0.62}}, 'put_options': {'instrument_key': 'NSE_FO|72313', 'market_data': {'ltp': 1613.15, 'volume': 8190, 'oi': 50050.0, 'close_price': 1698.75, 'bid_price': 1580.55, 'bid_qty': 780, 'ask_price': 1614.5, 'ask_qty': 130, 'prev_oi': 52780.0}, 'option_greeks': {'vega': 2.5338, 'theta': -6.0184, 'gamma': 0.0001, 'delta': -0.9616, 'iv': 28.5, 'pop': 50.12}}}"
success,"{'expiry': '2026-05-26', 'pcr': 0.0046, 'strike_price': 25350.0, 'underlying_key': 'NSE_INDEX|Nifty 50', 'underlying_spot_price': 23659.0, 'call_options': {'instrument_key': 'NSE_FO|72314', 'market_data': {'ltp': 1.2, 'volume': 728845, 'oi': 267540.0, 'close_price': 1.3, 'bid_price': 1.15, 'bid_qty': 3315, 'ask_price': 1.3, 'ask_qty': 3510, 'prev_oi': 204360.0}, 'option_greeks': {'vega': 0.5113, 'theta': -0.8842, 'gamma': 0.0, 'delta': 0.0059, 'iv': 20.75, 'pop': 0.55}}, 'put_options': {'instrument_key': 'NSE_FO|72315', 'market_data': {'ltp': 1654.3, 'volume': 0, 'oi': 1235.0, 'close_price': 1654.3, 'bid_price': 1593.65, 'bid_qty': 390, 'ask_price': 1673.9, 'ask_qty': 780, 'prev_oi': 1170.0}, 'option_greeks': {'vega': 1.0442, 'theta': -2.05, 'gamma': 0.0, 'delta': -0.9866, 'iv': 23.56, 'pop': 50.42}}}"
success,"{'expiry': '2026-05-26', 'pcr': 0.0218, 'strike_price': 25400.0, 'underlying_key': 'NSE_INDEX|Nifty 50', 'underlying_spot_price': 23659.0, 'call_options': {'instrument_key': 'NSE_FO|72318', 'market_data': {'ltp': 1.1, 'volume': 2987075, 'oi': 988585.0, 'close_price': 1.15, 'bid_price': 1.05, 'bid_qty': 4810, 'ask_price': 1.25, 'ask_qty': 3575, 'prev_oi': 934570.0}, 'option_greeks': {'vega': 0.4577, 'theta': -0.8008, 'gamma': 0.0, 'delta': 0.0052, 'iv': 21.0, 'pop': 0.48}}, 'put_options': {'instrument_key': 'NSE_FO|72319', 'market_data': {'ltp': 1720.0, 'volume': 2015, 'oi': 21515.0, 'close_price': 1772.35, 'bid_price': 1643.7, 'bid_qty': 780, 'ask_price': 1710.25, 'ask_qty': 325, 'prev_oi': 22360.0}, 'option_greeks': {'vega': 3.1099, 'theta': -8.3833, 'gamma': 0.0001, 'delta': -0.9505, 'iv': 32.35, 'pop': 50.02}}}"
success,"{'expiry': '2026-05-26', 'pcr': 0.0017, 'strike_price': 25450.0, 'underlying_key': 'NSE_INDEX|Nifty 50', 'underlying_spot_price': 23659.0, 'call_options': {'instrument_key': 'NSE_FO|72320', 'market_data': {'ltp': 1.2, 'volume': 852215, 'oi': 300885.0, 'close_price': 1.05, 'bid_price': 1.15, 'bid_qty': 65, 'ask_price': 1.2, 'ask_qty': 3445, 'prev_oi': 262730.0}, 'option_greeks': {'vega': 0.4953, 'theta': -0.9018, 'gamma': 0.0, 'delta': 0.0057, 'iv': 21.85, 'pop': 0.53}}, 'put_options': {'instrument_key': 'NSE_FO|72321', 'market_data': {'ltp': 1761.45, 'volume': 0, 'oi': 520.0, 'close_price': 1761.45, 'bid_price': 1709.65, 'bid_qty': 780, 'ask_price': 1779.85, 'ask_qty': 780, 'prev_oi': 520.0}, 'option_greeks': {'vega': 2.0981, 'theta': -5.1382, 'gamma': 0.0001, 'delta': -0.9695, 'iv': 29.39, 'pop': 50.28}}}"
success,"{'expiry': '2026-05-26', 'pcr': 0.231, 'strike_price': 25500.0, 'underlying_key': 'NSE_INDEX|Nifty 50', 'underlying_spot_price': 23659.0, 'call_options': {'instrument_key': 'NSE_FO|72340', 'market_data': {'ltp': 1.1, 'volume': 8832135, 'oi': 5706350.0, 'close_price': 1.1, 'bid_price': 1.15, 'bid_qty': 1300, 'ask_price': 1.2, 'ask_qty': 2080, 'prev_oi': 4871035.0}, 'option_greeks': {'vega': 0.4969, 'theta': -0.9301, 'gamma': 0.0, 'delta': 0.0057, 'iv': 22.46, 'pop': 0.53}}, 'put_options': {'instrument_key': 'NSE_FO|72344', 'market_data': {'ltp': 1807.15, 'volume': 69030, 'oi': 1317940.0, 'close_price': 1888.4, 'bid_price': 1800.0, 'bid_qty': 65, 'ask_price': 1807.0, 'ask_qty': 65, 'prev_oi': 1330810.0}, 'option_greeks': {'vega': 1.6331, 'theta': -3.8458, 'gamma': 0.0001, 'delta': -0.9774, 'iv': 28.26, 'pop': 50.39}}}"
success,"{'expiry': '2026-05-26', 'pcr': 0.0066, 'strike_price': 25550.0, 'underlying_key': 'NSE_INDEX|Nifty 50', 'underlying_spot_price': 23659.0, 'call_options': {'instrument_key': 'NSE_FO|72345', 'market_data': {'ltp': 1.1, 'volume': 663390, 'oi': 275340.0, 'close_price': 0.95, 'bid_price': 1.1, 'bid_qty': 11830, 'ask_price': 1.15, 'ask_qty': 3445, 'prev_oi': 265005.0}, 'option_greeks': {'vega': 0.449, 'theta': -0.8496, 'gamma': 0.0, 'delta': 0.0051, 'iv': 22.71, 'pop': 0.47}}, 'put_options': {'instrument_key': 'NSE_FO|72351', 'market_data': {'ltp': 1916.45, 'volume': 130, 'oi': 1820.0, 'close_price': 1813.95, 'bid_price': 1797.85, 'bid_qty': 780, 'ask_price': 1895.15, 'ask_qty': 780, 'prev_oi': 1885.0}, 'option_greeks': {'vega': 5.468, 'theta': -20.6917, 'gamma': 0.0001, 'delta': -0.8965, 'iv': 45.41, 'pop': 49.24}}}"
success,"{'expiry': '2026-05-26', 'pcr': 0.0271, 'strike_price': 25600.0, 'underlying_key': 'NSE_INDEX|Nifty 50', 'underlying_spot_price': 23659.0, 'call_options': {'instrument_key': 'NSE_FO|72352', 'market_data': {'ltp': 0.95, 'volume': 1634230, 'oi': 999245.0, 'close_price': 0.9, 'bid_price': 0.95, 'bid_qty': 4420, 'ask_price': 1.05, 'ask_qty': 4225, 'prev_oi': 980330.0}, 'option_greeks': {'vega': 0.4061, 'theta': -0.7767, 'gamma': 0.0, 'delta': 0.0046, 'iv': 22.95, 'pop': 0.42}}, 'put_options': {'instrument_key': 'NSE_FO|72356', 'market_data': {'ltp': 1925.0, 'volume': 585, 'oi': 27040.0, 'close_price': 1878.6, 'bid_price': 1842.1, 'bid_qty': 780, 'ask_price': 1919.45, 'ask_qty': 130, 'prev_oi': 27365.0}, 'option_greeks': {'vega': 3.3205, 'theta': -10.1925, 'gamma': 0.0001, 'delta': -0.9462, 'iv': 36.83, 'pop': 50.05}}}"
success,"{'expiry': '2026-05-26', 'pcr': 0.0055, 'strike_price': 25650.0, 'underlying_key': 'NSE_INDEX|Nifty 50', 'underlying_spot_price': 23659.0, 'call_options': {'instrument_key': 'NSE_FO|72358', 'market_data': {'ltp': 1.0, 'volume': 189865, 'oi': 200525.0, 'close_price': 0.9, 'bid_price': 1.0, 'bid_qty': 1755, 'ask_price': 1.1, 'ask_qty': 1170, 'prev_oi': 184275.0}, 'option_greeks': {'vega': 0.4232, 'theta': -0.8352, 'gamma': 0.0, 'delta': 0.0048, 'iv': 23.68, 'pop': 0.44}}, 'put_options': {'instrument_key': 'NSE_FO|72360', 'market_data': {'ltp': 1949.0, 'volume': 0, 'oi': 1105.0, 'close_price': 1949.0, 'bid_price': 1907.75, 'bid_qty': 780, 'ask_price': 2016.55, 'ask_qty': 1755, 'prev_oi': 1625.0}, 'option_greeks': {'vega': 0.0, 'theta': 0.0, 'gamma': 0.0, 'delta': -1.0, 'iv': 0.0, 'pop': 99.0}}}"
success,"{'expiry': '2026-05-26', 'pcr': 0.0477, 'strike_price': 25700.0, 'underlying_key': 'NSE_INDEX|Nifty 50', 'underlying_spot_price': 23659.0, 'call_options': {'instrument_key': 'NSE_FO|72363', 'market_data': {'ltp': 1.0, 'volume': 1181440, 'oi': 438750.0, 'close_price': 0.85, 'bid_price': 1.0, 'bid_qty': 2275, 'ask_price': 1.1, 'ask_qty': 2665, 'prev_oi': 478270.0}, 'option_greeks': {'vega': 0.3859, 'theta': -0.7695, 'gamma': 0.0, 'delta': 0.0043, 'iv': 23.93, 'pop': 0.39}}, 'put_options': {'instrument_key': 'NSE_FO|72364', 'market_data': {'ltp': 2056.0, 'volume': 845, 'oi': 20930.0, 'close_price': 1975.0, 'bid_price': 1957.55, 'bid_qty': 780, 'ask_price': 2016.4, 'ask_qty': 130, 'prev_oi': 21255.0}, 'option_greeks': {'vega': 4.8464, 'theta': -18.4563, 'gamma': 0.0001, 'delta': -0.9121, 'iv': 45.7, 'pop': 49.59}}}"
success,"{'expiry': '2026-05-26', 'pcr': 0.0112, 'strike_price': 25750.0, 'underlying_key': 'NSE_INDEX|Nifty 50', 'underlying_spot_price': 23659.0, 'call_options': {'instrument_key': 'NSE_FO|72371', 'market_data': {'ltp': 0.95, 'volume': 233870, 'oi': 81575.0, 'close_price': 0.85, 'bid_price': 0.95, 'bid_qty': 2470, 'ask_price': 1.0, 'ask_qty': 10140, 'prev_oi': 54665.0}, 'option_greeks': {'vega': 0.3756, 'theta': -0.7642, 'gamma': 0.0, 'delta': 0.0042, 'iv': 24.41, 'pop': 0.38}}, 'put_options': {'instrument_key': 'NSE_FO|72372', 'market_data': {'ltp': 2106.15, 'volume': 0, 'oi': 910.0, 'close_price': 2106.15, 'bid_price': 2007.3, 'bid_qty': 845, 'ask_price': 2095.5, 'ask_qty': 910, 'prev_oi': 1040.0}, 'option_greeks': {'vega': 4.8, 'theta': -18.6152, 'gamma': 0.0001, 'delta': -0.9133, 'iv': 46.54, 'pop': 49.63}}}"
success,"{'expiry': '2026-05-26', 'pcr': 0.027, 'strike_price': 25800.0, 'underlying_key': 'NSE_INDEX|Nifty 50', 'underlying_spot_price': 23659.0, 'call_options': {'instrument_key': 'NSE_FO|72373', 'market_data': {'ltp': 0.9, 'volume': 1638455, 'oi': 898885.0, 'close_price': 0.8, 'bid_price': 0.85, 'bid_qty': 130, 'ask_price': 0.9, 'ask_qty': 7800, 'prev_oi': 858975.0}, 'option_greeks': {'vega': 0.3436, 'theta': -0.706, 'gamma': 0.0, 'delta': 0.0038, 'iv': 24.66, 'pop': 0.34}}, 'put_options': {'instrument_key': 'NSE_FO|72374', 'market_data': {'ltp': 2122.75, 'volume': 845, 'oi': 24245.0, 'close_price': 2147.35, 'bid_price': 2087.3, 'bid_qty': 65, 'ask_price': 2108.15, 'ask_qty': 130, 'prev_oi': 24960.0}, 'option_greeks': {'vega': 2.9918, 'theta': -9.7237, 'gamma': 0.0001, 'delta': -0.9528, 'iv': 39.0, 'pop': 50.23}}}"
success,"{'expiry': '2026-05-26', 'pcr': 0.0032, 'strike_price': 25850.0, 'underlying_key': 'NSE_INDEX|Nifty 50', 'underlying_spot_price': 23659.0, 'call_options': {'instrument_key': 'NSE_FO|72375', 'market_data': {'ltp': 0.8, 'volume': 798330, 'oi': 363025.0, 'close_price': 0.75, 'bid_price': 0.8, 'bid_qty': 4355, 'ask_price': 0.85, 'ask_qty': 325, 'prev_oi': 364455.0}, 'option_greeks': {'vega': 0.3134, 'theta': -0.6504, 'gamma': 0.0, 'delta': 0.0034, 'iv': 24.9, 'pop': 0.31}}, 'put_options': {'instrument_key': 'NSE_FO|72376', 'market_data': {'ltp': 2216.7, 'volume': 0, 'oi': 1170.0, 'close_price': 2216.7, 'bid_price': 2106.75, 'bid_qty': 780, 'ask_price': 2201.65, 'ask_qty': 910, 'prev_oi': 1235.0}, 'option_greeks': {'vega': 5.1436, 'theta': -21.6358, 'gamma': 0.0001, 'delta': -0.9048, 'iv': 50.48, 'pop': 49.55}}}"
success,"{'expiry': '2026-05-26', 'pcr': 0.0114, 'strike_price': 25900.0, 'underlying_key': 'NSE_INDEX|Nifty 50', 'underlying_spot_price': 23659.0, 'call_options': {'instrument_key': 'NSE_FO|72377', 'market_data': {'ltp': 0.8, 'volume': 2184910, 'oi': 653965.0, 'close_price': 0.75, 'bid_price': 0.8, 'bid_qty': 2470, 'ask_price': 0.95, 'ask_qty': 910, 'prev_oi': 929175.0}, 'option_greeks': {'vega': 0.3078, 'theta': -0.6512, 'gamma': 0.0, 'delta': 0.0034, 'iv': 25.39, 'pop': 0.3}}, 'put_options': {'instrument_key': 'NSE_FO|72378', 'market_data': {'ltp': 2243.75, 'volume': 3120, 'oi': 7475.0, 'close_price': 2250.0, 'bid_price': 2144.9, 'bid_qty': 780, 'ask_price': 2241.35, 'ask_qty': 780, 'prev_oi': 7605.0}, 'option_greeks': {'vega': 4.1523, 'theta': -16.0403, 'gamma': 0.0001, 'delta': -0.9284, 'iv': 46.36, 'pop': 49.95}}}"
success,"{'expiry': '2026-05-26', 'pcr': 0.0078, 'strike_price': 25950.0, 'underlying_key': 'NSE_INDEX|Nifty 50', 'underlying_spot_price': 23659.0, 'call_options': {'instrument_key': 'NSE_FO|72379', 'market_data': {'ltp': 0.85, 'volume': 122330, 'oi': 132730.0, 'close_price': 0.7, 'bid_price': 0.7, 'bid_qty': 3900, 'ask_price': 1.0, 'ask_qty': 2990, 'prev_oi': 131885.0}, 'option_greeks': {'vega': 0.3232, 'theta': -0.7035, 'gamma': 0.0, 'delta': 0.0035, 'iv': 26.12, 'pop': 0.32}}, 'put_options': {'instrument_key': 'NSE_FO|72380', 'market_data': {'ltp': 2182.15, 'volume': 0, 'oi': 1040.0, 'close_price': 2182.15, 'bid_price': 2207.05, 'bid_qty': 780, 'ask_price': 2306.2, 'ask_qty': 780, 'prev_oi': 1040.0}, 'option_greeks': {'vega': 0.0, 'theta': 0.0, 'gamma': 0.0, 'delta': -1.0, 'iv': 0.0, 'pop': 99.0}}}"
success,"{'expiry': '2026-05-26', 'pcr': 0.3946, 'strike_price': 26000.0, 'underlying_key': 'NSE_INDEX|Nifty 50', 'underlying_spot_price': 23659.0, 'call_options': {'instrument_key': 'NSE_FO|72381', 'market_data': {'ltp': 0.8, 'volume': 3166215, 'oi': 4046120.0, 'close_price': 0.75, 'bid_price': 0.8, 'bid_qty': 12090, 'ask_price': 0.9, 'ask_qty': 7085, 'prev_oi': 4333095.0}, 'option_greeks': {'vega': 0.2976, 'theta': -0.6539, 'gamma': 0.0, 'delta': 0.0032, 'iv': 26.37, 'pop': 0.29}}, 'put_options': {'instrument_key': 'NSE_FO|72382', 'market_data': {'ltp': 2296.65, 'volume': 150345, 'oi': 1596530.0, 'close_price': 2382.6, 'bid_price': 2294.2, 'bid_qty': 65, 'ask_price': 2300.15, 'ask_qty': 65, 'prev_oi': 1709890.0}, 'option_greeks': {'vega': 0.0, 'theta': 0.0, 'gamma': 0.0, 'delta': -1.0, 'iv': 0.0, 'pop': 99.0}}}"
success,"{'expiry': '2026-05-26', 'pcr': 0.0304, 'strike_price': 26050.0, 'underlying_key': 'NSE_INDEX|Nifty 50', 'underlying_spot_price': 23659.0, 'call_options': {'instrument_key': 'NSE_FO|72386', 'market_data': {'ltp': 0.8, 'volume': 64155, 'oi': 57655.0, 'close_price': 0.8, 'bid_price': 0.8, 'bid_qty': 65, 'ask_price': 0.95, 'ask_qty': 1430, 'prev_oi': 53755.0}, 'option_greeks': {'vega': 0.3125, 'theta': -0.7057, 'gamma': 0.0, 'delta': 0.0034, 'iv': 27.1, 'pop': 0.31}}, 'put_options': {'instrument_key': 'NSE_FO|72387', 'market_data': {'ltp': 2649.85, 'volume': 130, 'oi': 1755.0, 'close_price': 1695.1, 'bid_price': 2294.7, 'bid_qty': 780, 'ask_price': 2410.6, 'ask_qty': 780, 'prev_oi': 1755.0}, 'option_greeks': {'vega': 8.8005, 'theta': -63.2356, 'gamma': 0.0001, 'delta': -0.7882, 'iv': 86.23, 'pop': 47.63}}}"
success,"{'expiry': '2026-05-26', 'pcr': 0.0677, 'strike_price': 26100.0, 'underlying_key': 'NSE_INDEX|Nifty 50', 'underlying_spot_price': 23659.0, 'call_options': {'instrument_key': 'NSE_FO|72388', 'market_data': {'ltp': 0.7, 'volume': 606515, 'oi': 451555.0, 'close_price': 0.65, 'bid_price': 0.7, 'bid_qty': 4680, 'ask_price': 0.8, 'ask_qty': 1495, 'prev_oi': 566540.0}, 'option_greeks': {'vega': 0.2878, 'theta': -0.6559, 'gamma': 0.0, 'delta': 0.0031, 'iv': 27.34, 'pop': 0.28}}, 'put_options': {'instrument_key': 'NSE_FO|72389', 'market_data': {'ltp': 2430.0, 'volume': 455, 'oi': 30550.0, 'close_price': 2488.0, 'bid_price': 2343.5, 'bid_qty': 65, 'ask_price': 2423.55, 'ask_qty': 130, 'prev_oi': 30680.0}, 'option_greeks': {'vega': 3.2589, 'theta': -12.382, 'gamma': 0.0001, 'delta': -0.9475, 'iv': 45.59, 'pop': 50.3}}}"
success,"{'expiry': '2026-05-26', 'pcr': 0.0098, 'strike_price': 26150.0, 'underlying_key': 'NSE_INDEX|Nifty 50', 'underlying_spot_price': 23659.0, 'call_options': {'instrument_key': 'NSE_FO|72390', 'market_data': {'ltp': 0.7, 'volume': 77870, 'oi': 66105.0, 'close_price': 0.6, 'bid_price': 0.75, 'bid_qty': 845, 'ask_price': 0.85, 'ask_qty': 2470, 'prev_oi': 51090.0}, 'option_greeks': {'vega': 0.2654, 'theta': -0.61, 'gamma': 0.0, 'delta': 0.0028, 'iv': 27.59, 'pop': 0.25}}, 'put_options': {'instrument_key': 'NSE_FO|72391', 'market_data': {'ltp': 1693.25, 'volume': 0, 'oi': 650.0, 'close_price': 1693.25, 'bid_price': 2405.55, 'bid_qty': 780, 'ask_price': 2499.65, 'ask_qty': 780, 'prev_oi': 520.0}, 'option_greeks': {'vega': 0.0, 'theta': 0.0, 'gamma': 0.0, 'delta': -1.0, 'iv': 0.0, 'pop': 99.0}}}"
success,"{'expiry': '2026-05-26', 'pcr': 0.3446, 'strike_price': 26200.0, 'underlying_key': 'NSE_INDEX|Nifty 50', 'underlying_spot_price': 23659.0, 'call_options': {'instrument_key': 'NSE_FO|72392', 'market_data': {'ltp': 0.7, 'volume': 1345370, 'oi': 538915.0, 'close_price': 0.6, 'bid_price': 0.7, 'bid_qty': 5915, 'ask_price': 0.8, 'ask_qty': 8775, 'prev_oi': 652925.0}, 'option_greeks': {'vega': 0.2456, 'theta': -0.5697, 'gamma': 0.0, 'delta': 0.0026, 'iv': 27.83, 'pop': 0.23}}, 'put_options': {'instrument_key': 'NSE_FO|72393', 'market_data': {'ltp': 2523.4, 'volume': 44200, 'oi': 185705.0, 'close_price': 2585.15, 'bid_price': 2388.55, 'bid_qty': 780, 'ask_price': 2504.45, 'ask_qty': 65, 'prev_oi': 221455.0}, 'option_greeks': {'vega': 2.775, 'theta': -10.3599, 'gamma': 0.0001, 'delta': -0.957, 'iv': 44.8, 'pop': 50.46}}}"
success,"{'expiry': '2026-05-26', 'pcr': 0.0088, 'strike_price': 26250.0, 'underlying_key': 'NSE_INDEX|Nifty 50', 'underlying_spot_price': 23659.0, 'call_options': {'instrument_key': 'NSE_FO|72450', 'market_data': {'ltp': 0.65, 'volume': 45565, 'oi': 22100.0, 'close_price': 0.65, 'bid_price': 0.65, 'bid_qty': 4745, 'ask_price': 0.8, 'ask_qty': 5135, 'prev_oi': 17420.0}, 'option_greeks': {'vega': 0.2431, 'theta': -0.5737, 'gamma': 0.0, 'delta': 0.0026, 'iv': 28.32, 'pop': 0.23}}, 'put_options': {'instrument_key': 'NSE_FO|72451', 'market_data': {'ltp': 1658.6, 'volume': 0, 'oi': 195.0, 'close_price': 1658.6, 'bid_price': 2448.75, 'bid_qty': 780, 'ask_price': 2888.8, 'ask_qty': 780, 'prev_oi': 260.0}, 'option_greeks': {'vega': 0.0, 'theta': 0.0, 'gamma': 0.0, 'delta': -1.0, 'iv': 0.0, 'pop': 99.0}}}"
success,"{'expiry': '2026-05-26', 'pcr': 0.5301, 'strike_price': 26300.0, 'underlying_key': 'NSE_INDEX|Nifty 50', 'underlying_spot_price': 23659.0, 'call_options': {'instrument_key': 'NSE_FO|72452', 'market_data': {'ltp': 0.7, 'volume': 391560, 'oi': 114270.0, 'close_price': 0.55, 'bid_price': 0.7, 'bid_qty': 1690, 'ask_price': 0.8, 'ask_qty': 455, 'prev_oi': 222430.0}, 'option_greeks': {'vega': 0.2736, 'theta': -0.668, 'gamma': 0.0, 'delta': 0.0029, 'iv': 29.3, 'pop': 0.26}}, 'put_options': {'instrument_key': 'NSE_FO|72453', 'market_data': {'ltp': 2615.0, 'volume': 390, 'oi': 60580.0, 'close_price': 2550.0, 'bid_price': 2559.3, 'bid_qty': 520, 'ask_price': 2611.35, 'ask_qty': 520, 'prev_oi': 60905.0}, 'option_greeks': {'vega': 2.826, 'theta': -11.0102, 'gamma': 0.0001, 'delta': -0.956, 'iv': 46.75, 'pop': 50.49}}}"
success,"{'expiry': '2026-05-26', 'pcr': 0.0385, 'strike_price': 26350.0, 'underlying_key': 'NSE_INDEX|Nifty 50', 'underlying_spot_price': 23659.0, 'call_options': {'instrument_key': 'NSE_FO|72454', 'market_data': {'ltp': 0.75, 'volume': 44395, 'oi': 27040.0, 'close_price': 0.65, 'bid_price': 0.65, 'bid_qty': 910, 'ask_price': 0.85, 'ask_qty': 1950, 'prev_oi': 33800.0}, 'option_greeks': {'vega': 0.2665, 'theta': -0.6615, 'gamma': 0.0, 'delta': 0.0029, 'iv': 29.79, 'pop': 0.25}}, 'put_options': {'instrument_key': 'NSE_FO|72455', 'market_data': {'ltp': 2058.0, 'volume': 0, 'oi': 1040.0, 'close_price': 2058.0, 'bid_price': 2603.85, 'bid_qty': 780, 'ask_price': 2688.7, 'ask_qty': 780, 'prev_oi': 1040.0}, 'option_greeks': {'vega': 0.0, 'theta': 0.0, 'gamma': 0.0, 'delta': -1.0, 'iv': 0.0, 'pop': 99.0}}}"
success,"{'expiry': '2026-05-26', 'pcr': 0.2616, 'strike_price': 26400.0, 'underlying_key': 'NSE_INDEX|Nifty 50', 'underlying_spot_price': 23659.0, 'call_options': {'instrument_key': 'NSE_FO|72470', 'market_data': {'ltp': 0.65, 'volume': 475150, 'oi': 96655.0, 'close_price': 0.55, 'bid_price': 0.65, 'bid_qty': 1820, 'ask_price': 0.8, 'ask_qty': 1560, 'prev_oi': 113295.0}, 'option_greeks': {'vega': 0.2061, 'theta': -0.5032, 'gamma': 0.0, 'delta': 0.0022, 'iv': 29.3, 'pop': 0.19}}, 'put_options': {'instrument_key': 'NSE_FO|72471', 'market_data': {'ltp': 2725.0, 'volume': 4875, 'oi': 25285.0, 'close_price': 2790.0, 'bid_price': 2653.9, 'bid_qty': 780, 'ask_price': 2750.5, 'ask_qty': 1430, 'prev_oi': 29965.0}, 'option_greeks': {'vega': 2.7676, 'theta': -11.0922, 'gamma': 0.0001, 'delta': -0.9572, 'iv': 48.1, 'pop': 50.55}}}"
success,"{'expiry': '2026-05-26', 'pcr': 0.0097, 'strike_price': 26450.0, 'underlying_key': 'NSE_INDEX|Nifty 50', 'underlying_spot_price': 23659.0, 'call_options': {'instrument_key': 'NSE_FO|72577', 'market_data': {'ltp': 0.8, 'volume': 28600, 'oi': 33345.0, 'close_price': 0.6, 'bid_price': 0.7, 'bid_qty': 780, 'ask_price': 0.8, 'ask_qty': 3900, 'prev_oi': 33865.0}, 'option_greeks': {'vega': 0.2653, 'theta': -0.68, 'gamma': 0.0, 'delta': 0.0028, 'iv': 30.76, 'pop': 0.25}}, 'put_options': {'instrument_key': 'NSE_FO|72578', 'market_data': {'ltp': 2198.95, 'volume': 0, 'oi': 325.0, 'close_price': 2198.95, 'bid_price': 2703.65, 'bid_qty': 780, 'ask_price': 2787.75, 'ask_qty': 780, 'prev_oi': 325.0}, 'option_greeks': {'vega': 0.0, 'theta': 0.0, 'gamma': 0.0, 'delta': -1.0, 'iv': 0.0, 'pop': 99.0}}}"
success,"{'expiry': '2026-05-26', 'pcr': 0.3648, 'strike_price': 26500.0, 'underlying_key': 'NSE_INDEX|Nifty 50', 'underlying_spot_price': 23659.0, 'call_options': {'instrument_key': 'NSE_FO|72579', 'market_data': {'ltp': 0.75, 'volume': 982280, 'oi': 1088230.0, 'close_price': 0.6, 'bid_price': 0.75, 'bid_qty': 11570, 'ask_price': 0.8, 'ask_qty': 2015, 'prev_oi': 1123655.0}, 'option_greeks': {'vega': 0.2636, 'theta': -0.6865, 'gamma': 0.0, 'delta': 0.0028, 'iv': 31.25, 'pop': 0.25}}, 'put_options': {'instrument_key': 'NSE_FO|72592', 'market_data': {'ltp': 2801.55, 'volume': 32305, 'oi': 397020.0, 'close_price': 2879.55, 'bid_price': 2790.0, 'bid_qty': 65, 'ask_price': 2802.9, 'ask_qty': 65, 'prev_oi': 422825.0}, 'option_greeks': {'vega': 0.4318, 'theta': -1.2035, 'gamma': 0.0, 'delta': -0.9951, 'iv': 33.45, 'pop': 50.79}}}"
success,"{'expiry': '2026-05-26', 'pcr': 0.0134, 'strike_price': 26550.0, 'underlying_key': 'NSE_INDEX|Nifty 50', 'underlying_spot_price': 23659.0, 'call_options': {'instrument_key': 'NSE_FO|72593', 'market_data': {'ltp': 0.6, 'volume': 162695, 'oi': 24180.0, 'close_price': 0.6, 'bid_price': 0.6, 'bid_qty': 4615, 'ask_price': 0.8, 'ask_qty': 4420, 'prev_oi': 21255.0}, 'option_greeks': {'vega': 0.2033, 'theta': -0.5211, 'gamma': 0.0, 'delta': 0.0021, 'iv': 30.76, 'pop': 0.19}}, 'put_options': {'instrument_key': 'NSE_FO|72596', 'market_data': {'ltp': 2212.65, 'volume': 0, 'oi': 325.0, 'close_price': 2212.65, 'bid_price': 2745.6, 'bid_qty': 780, 'ask_price': 2945.7, 'ask_qty': 780, 'prev_oi': 260.0}, 'option_greeks': {'vega': 0.0, 'theta': 0.0, 'gamma': 0.0, 'delta': -1.0, 'iv': 0.0, 'pop': 99.0}}}"
success,"{'expiry': '2026-05-26', 'pcr': 0.1126, 'strike_price': 26600.0, 'underlying_key': 'NSE_INDEX|Nifty 50', 'underlying_spot_price': 23659.0, 'call_options': {'instrument_key': 'NSE_FO|72597', 'market_data': {'ltp': 0.6, 'volume': 241930, 'oi': 84890.0, 'close_price': 0.5, 'bid_price': 0.55, 'bid_qty': 12545, 'ask_price': 0.75, 'ask_qty': 780, 'prev_oi': 69485.0}, 'option_greeks': {'vega': 0.2023, 'theta': -0.5269, 'gamma': 0.0, 'delta': 0.0021, 'iv': 31.25, 'pop': 0.19}}, 'put_options': {'instrument_key': 'NSE_FO|72598', 'market_data': {'ltp': 2947.0, 'volume': 2015, 'oi': 9555.0, 'close_price': 2300.0, 'bid_price': 2831.25, 'bid_qty': 845, 'ask_price': 2932.8, 'ask_qty': 780, 'prev_oi': 11310.0}, 'option_greeks': {'vega': 3.7855, 'theta': -18.1755, 'gamma': 0.0001, 'delta': -0.9365, 'iv': 57.62, 'pop': 50.4}}}"
success,"{'expiry': '2026-05-26', 'pcr': 0.0031, 'strike_price': 26650.0, 'underlying_key': 'NSE_INDEX|Nifty 50', 'underlying_spot_price': 23659.0, 'call_options': {'instrument_key': 'NSE_FO|72599', 'market_data': {'ltp': 0.65, 'volume': 108810, 'oi': 41730.0, 'close_price': 0.5, 'bid_price': 0.55, 'bid_qty': 18330, 'ask_price': 0.65, 'ask_qty': 2470, 'prev_oi': 34125.0}, 'option_greeks': {'vega': 0.2009, 'theta': -0.5312, 'gamma': 0.0, 'delta': 0.0021, 'iv': 31.74, 'pop': 0.18}}, 'put_options': {'instrument_key': 'NSE_FO|72600', 'market_data': {'ltp': 2914.5, 'volume': 0, 'oi': 130.0, 'close_price': 2914.5, 'bid_price': 2917.75, 'bid_qty': 780, 'ask_price': 3021.95, 'ask_qty': 780, 'prev_oi': 130.0}, 'option_greeks': {'vega': 0.0, 'theta': 0.0, 'gamma': 0.0, 'delta': -1.0, 'iv': 0.0, 'pop': 99.0}}}"
success,"{'expiry': '2026-05-26', 'pcr': 0.0499, 'strike_price': 26700.0, 'underlying_key': 'NSE_INDEX|Nifty 50', 'underlying_spot_price': 23659.0, 'call_options': {'instrument_key': 'NSE_FO|72601', 'market_data': {'ltp': 0.55, 'volume': 184535, 'oi': 78130.0, 'close_price': 0.5, 'bid_price': 0.6, 'bid_qty': 65, 'ask_price': 0.75, 'ask_qty': 845, 'prev_oi': 65065.0}, 'option_greeks': {'vega': 0.1972, 'theta': -0.5294, 'gamma': 0.0, 'delta': 0.0021, 'iv': 32.23, 'pop': 0.18}}, 'put_options': {'instrument_key': 'NSE_FO|72602', 'market_data': {'ltp': 3209.85, 'volume': 0, 'oi': 3900.0, 'close_price': 3209.85, 'bid_price': 2890.3, 'bid_qty': 780, 'ask_price': 3033.95, 'ask_qty': 325, 'prev_oi': 3835.0}, 'option_greeks': {'vega': 7.327, 'theta': -53.5617, 'gamma': 0.0001, 'delta': -0.8422, 'iv': 87.72, 'pop': 49.09}}}"
success,"{'expiry': '2026-05-26', 'pcr': 0.0067, 'strike_price': 26750.0, 'underlying_key': 'NSE_INDEX|Nifty 50', 'underlying_spot_price': 23659.0, 'call_options': {'instrument_key': 'NSE_FO|72603', 'market_data': {'ltp': 0.65, 'volume': 40365, 'oi': 19305.0, 'close_price': 0.5, 'bid_price': 0.55, 'bid_qty': 4355, 'ask_price': 0.65, 'ask_qty': 585, 'prev_oi': 20475.0}, 'option_greeks': {'vega': 0.2183, 'theta': -0.6039, 'gamma': 0.0, 'delta': 0.0023, 'iv': 33.2, 'pop': 0.2}}, 'put_options': {'instrument_key': 'NSE_FO|72604', 'market_data': {'ltp': 2949.4, 'volume': 0, 'oi': 130.0, 'close_price': 2949.4, 'bid_price': 3003.05, 'bid_qty': 780, 'ask_price': 3132.15, 'ask_qty': 780, 'prev_oi': 130.0}, 'option_greeks': {'vega': 0.0, 'theta': 0.0, 'gamma': 0.0, 'delta': -1.0, 'iv': 0.0, 'pop': 99.0}}}"
success,"{'expiry': '2026-05-26', 'pcr': 0.1256, 'strike_price': 26800.0, 'underlying_key': 'NSE_INDEX|Nifty 50', 'underlying_spot_price': 23659.0, 'call_options': {'instrument_key': 'NSE_FO|72605', 'market_data': {'ltp': 0.6, 'volume': 314925, 'oi': 67275.0, 'close_price': 0.55, 'bid_price': 0.55, 'bid_qty': 4160, 'ask_price': 0.6, 'ask_qty': 1950, 'prev_oi': 82355.0}, 'option_greeks': {'vega': 0.1988, 'theta': -0.5499, 'gamma': 0.0, 'delta': 0.0021, 'iv': 33.2, 'pop': 0.18}}, 'put_options': {'instrument_key': 'NSE_FO|72606', 'market_data': {'ltp': 3163.4, 'volume': 0, 'oi': 8450.0, 'close_price': 3163.4, 'bid_price': 2921.25, 'bid_qty': 780, 'ask_price': 3138.45, 'ask_qty': 780, 'prev_oi': 8385.0}, 'option_greeks': {'vega': 4.2822, 'theta': -23.0546, 'gamma': 0.0001, 'delta': -0.9254, 'iv': 64.61, 'pop': 50.36}}}"
success,"{'expiry': '2026-05-26', 'pcr': 0.0081, 'strike_price': 26850.0, 'underlying_key': 'NSE_INDEX|Nifty 50', 'underlying_spot_price': 23659.0, 'call_options': {'instrument_key': 'NSE_FO|72607', 'market_data': {'ltp': 0.55, 'volume': 55185, 'oi': 32110.0, 'close_price': 0.5, 'bid_price': 0.55, 'bid_qty': 6565, 'ask_price': 0.65, 'ask_qty': 1170, 'prev_oi': 34385.0}, 'option_greeks': {'vega': 0.1706, 'theta': -0.472, 'gamma': 0.0, 'delta': 0.0018, 'iv': 33.2, 'pop': 0.15}}, 'put_options': {'instrument_key': 'NSE_FO|72608', 'market_data': {'ltp': 3028.7, 'volume': 0, 'oi': 260.0, 'close_price': 3028.7, 'bid_price': 3062.05, 'bid_qty': 910, 'ask_price': 3246.5, 'ask_qty': 780, 'prev_oi': 195.0}, 'option_greeks': {'vega': 0.0, 'theta': 0.0, 'gamma': 0.0, 'delta': -1.0, 'iv': 0.0, 'pop': 99.0}}}"
success,"{'expiry': '2026-05-26', 'pcr': 0.0052, 'strike_price': 26900.0, 'underlying_key': 'NSE_INDEX|Nifty 50', 'underlying_spot_price': 23659.0, 'call_options': {'instrument_key': 'NSE_FO|72615', 'market_data': {'ltp': 0.75, 'volume': 158470, 'oi': 50050.0, 'close_price': 0.5, 'bid_price': 0.55, 'bid_qty': 1040, 'ask_price': 0.7, 'ask_qty': 520, 'prev_oi': 41795.0}, 'option_greeks': {'vega': 0.2228, 'theta': -0.6438, 'gamma': 0.0, 'delta': 0.0023, 'iv': 34.67, 'pop': 0.2}}, 'put_options': {'instrument_key': 'NSE_FO|72616', 'market_data': {'ltp': 3208.95, 'volume': 0, 'oi': 260.0, 'close_price': 3211.05, 'bid_price': 3153.65, 'bid_qty': 780, 'ask_price': 3290.65, 'ask_qty': 780, 'prev_oi': 130.0}, 'option_greeks': {'vega': 1.3371, 'theta': -5.1685, 'gamma': 0.0, 'delta': -0.9821, 'iv': 46.39, 'pop': 50.93}}}"
success,"{'expiry': '2026-05-26', 'pcr': 0.0025, 'strike_price': 26950.0, 'underlying_key': 'NSE_INDEX|Nifty 50', 'underlying_spot_price': 23659.0, 'call_options': {'instrument_key': 'NSE_FO|72617', 'market_data': {'ltp': 0.6, 'volume': 106210, 'oi': 26260.0, 'close_price': 0.45, 'bid_price': 0.5, 'bid_qty': 14755, 'ask_price': 0.75, 'ask_qty': 1040, 'prev_oi': 17030.0}, 'option_greeks': {'vega': 0.1978, 'theta': -0.5715, 'gamma': 0.0, 'delta': 0.0021, 'iv': 34.67, 'pop': 0.18}}, 'put_options': {'instrument_key': 'NSE_FO|72618', 'market_data': {'ltp': 3394.1, 'volume': 0, 'oi': 65.0, 'close_price': 3394.1, 'bid_price': 3017.5, 'bid_qty': 780, 'ask_price': 3345.85, 'ask_qty': 780, 'prev_oi': 65.0}, 'option_greeks': {'vega': 6.1498, 'theta': -42.1802, 'gamma': 0.0001, 'delta': -0.878, 'iv': 82.31, 'pop': 49.8}}}"
success,"{'expiry': '2026-05-26', 'pcr': 0.4958, 'strike_price': 27000.0, 'underlying_key': 'NSE_INDEX|Nifty 50', 'underlying_spot_price': 23659.0, 'call_options': {'instrument_key': 'NSE_FO|72619', 'market_data': {'ltp': 0.5, 'volume': 3346720, 'oi': 1363115.0, 'close_price': 0.45, 'bid_price': 0.5, 'bid_qty': 114725, 'ask_price': 0.55, 'ask_qty': 65715, 'prev_oi': 1806350.0}, 'option_greeks': {'vega': 0.155, 'theta': -0.4414, 'gamma': 0.0, 'delta': 0.0016, 'iv': 34.18, 'pop': 0.14}}, 'put_options': {'instrument_key': 'NSE_FO|72620', 'market_data': {'ltp': 3294.35, 'volume': 84240, 'oi': 675870.0, 'close_price': 3376.25, 'bid_price': 3285.25, 'bid_qty': 260, 'ask_price': 3298.3, 'ask_qty': 130, 'prev_oi': 739765.0}, 'option_greeks': {'vega': 0.0, 'theta': 0.0, 'gamma': 0.0, 'delta': -1.0, 'iv': 0.0, 'pop': 99.0}}}"
success,"{'expiry': '2026-05-26', 'pcr': 0.0033, 'strike_price': 27050.0, 'underlying_key': 'NSE_INDEX|Nifty 50', 'underlying_spot_price': 23659.0, 'call_options': {'instrument_key': 'NSE_FO|72621', 'market_data': {'ltp': 0.65, 'volume': 116415, 'oi': 19760.0, 'close_price': 0.5, 'bid_price': 0.5, 'bid_qty': 15275, 'ask_price': 0.65, 'ask_qty': 585, 'prev_oi': 18005.0}, 'option_greeks': {'vega': 0.1749, 'theta': -0.5124, 'gamma': 0.0, 'delta': 0.0018, 'iv': 35.16, 'pop': 0.16}}, 'put_options': {'instrument_key': 'NSE_FO|72622', 'market_data': {'ltp': 3501.3, 'volume': 0, 'oi': 65.0, 'close_price': 3501.3, 'bid_price': 3303.2, 'bid_qty': 780, 'ask_price': 3449.7, 'ask_qty': 780, 'prev_oi': 65.0}, 'option_greeks': {'vega': 6.099, 'theta': -42.8309, 'gamma': 0.0001, 'delta': -0.8794, 'iv': 84.27, 'pop': 49.88}}}"
success,"{'expiry': '2026-05-26', 'pcr': 0.1021, 'strike_price': 27100.0, 'underlying_key': 'NSE_INDEX|Nifty 50', 'underlying_spot_price': 23659.0, 'call_options': {'instrument_key': 'NSE_FO|72623', 'market_data': {'ltp': 0.5, 'volume': 355290, 'oi': 58565.0, 'close_price': 0.5, 'bid_price': 0.5, 'bid_qty': 20605, 'ask_price': 0.65, 'ask_qty': 2210, 'prev_oi': 22880.0}, 'option_greeks': {'vega': 0.1551, 'theta': -0.4544, 'gamma': 0.0, 'delta': 0.0016, 'iv': 35.16, 'pop': 0.14}}, 'put_options': {'instrument_key': 'NSE_FO|72624', 'market_data': {'ltp': 3450.0, 'volume': 0, 'oi': 5980.0, 'close_price': 3450.0, 'bid_price': 3344.7, 'bid_qty': 780, 'ask_price': 3485.15, 'ask_qty': 780, 'prev_oi': 5980.0}, 'option_greeks': {'vega': 3.5879, 'theta': -19.5168, 'gamma': 0.0001, 'delta': -0.9407, 'iv': 65.28, 'pop': 50.68}}}"
success,"{'expiry': '2026-05-26', 'pcr': 0.0015, 'strike_price': 27150.0, 'underlying_key': 'NSE_INDEX|Nifty 50', 'underlying_spot_price': 23659.0, 'call_options': {'instrument_key': 'NSE_FO|72625', 'market_data': {'ltp': 0.55, 'volume': 265330, 'oi': 43095.0, 'close_price': 0.45, 'bid_price': 0.5, 'bid_qty': 4160, 'ask_price': 0.75, 'ask_qty': 845, 'prev_oi': 26260.0}, 'option_greeks': {'vega': 0.1709, 'theta': -0.5145, 'gamma': 0.0, 'delta': 0.0018, 'iv': 36.13, 'pop': 0.15}}, 'put_options': {'instrument_key': 'NSE_FO|72626', 'market_data': {'ltp': 3582.1, 'volume': 0, 'oi': 65.0, 'close_price': 3582.1, 'bid_price': 3297.8, 'bid_qty': 780, 'ask_price': 3548.95, 'ask_qty': 780, 'prev_oi': 65.0}, 'option_greeks': {'vega': 5.7748, 'theta': -40.1361, 'gamma': 0.0001, 'delta': -0.8884, 'iv': 83.4, 'pop': 50.06}}}"
success,"{'expiry': '2026-05-26', 'pcr': 0.0781, 'strike_price': 27200.0, 'underlying_key': 'NSE_INDEX|Nifty 50', 'underlying_spot_price': 23659.0, 'call_options': {'instrument_key': 'NSE_FO|72627', 'market_data': {'ltp': 0.55, 'volume': 403520, 'oi': 306215.0, 'close_price': 0.6, 'bid_price': 0.55, 'bid_qty': 11245, 'ask_price': 0.65, 'ask_qty': 10855, 'prev_oi': 245050.0}, 'option_greeks': {'vega': 0.1752, 'theta': -0.5346, 'gamma': 0.0, 'delta': 0.0018, 'iv': 36.62, 'pop': 0.15}}, 'put_options': {'instrument_key': 'NSE_FO|72628', 'market_data': {'ltp': 3619.6, 'volume': 520, 'oi': 23920.0, 'close_price': 3730.0, 'bid_price': 3470.3, 'bid_qty': 65, 'ask_price': 3497.3, 'ask_qty': 65, 'prev_oi': 24310.0}, 'option_greeks': {'vega': 5.4912, 'theta': -37.5088, 'gamma': 0.0001, 'delta': -0.8959, 'iv': 81.97, 'pop': 50.19}}}"
success,"{'expiry': '2026-05-26', 'pcr': 0.2119, 'strike_price': 27250.0, 'underlying_key': 'NSE_INDEX|Nifty 50', 'underlying_spot_price': 23659.0, 'call_options': {'instrument_key': 'NSE_FO|72629', 'market_data': {'ltp': 0.7, 'volume': 315445, 'oi': 135265.0, 'close_price': 0.6, 'bid_price': 0.5, 'bid_qty': 9945, 'ask_price': 0.65, 'ask_qty': 390, 'prev_oi': 110825.0}, 'option_greeks': {'vega': 0.1964, 'theta': -0.6154, 'gamma': 0.0, 'delta': 0.002, 'iv': 37.6, 'pop': 0.17}}, 'put_options': {'instrument_key': 'NSE_FO|72630', 'market_data': {'ltp': 3597.5, 'volume': 4355, 'oi': 28665.0, 'close_price': 3528.5, 'bid_price': 3294.25, 'bid_qty': 780, 'ask_price': 3576.15, 'ask_qty': 260, 'prev_oi': 32240.0}, 'option_greeks': {'vega': 3.4587, 'theta': -19.2895, 'gamma': 0.0001, 'delta': -0.9434, 'iv': 66.93, 'pop': 50.78}}}"
